Workbook

Sheet 總表
A1: 濟南房號與桌次總表
A2: 整合來源：分房、桌次、晚宴、高鐵、遊覽車。名單共 85 人；房間 44 間；桌次 9 桌；遊覽車 2 車。
A3: 車次：青島 → 濟南｜2026/07/15｜高鐵 G1074｜14:36–17:20｜座位名單 85 人；全員座位已列
A4: 房號 | B4: 編號 | C4: 姓名 | D4: 單位 | E4: 性別 | F4: 青島金水皇冠假日飯店房號 | G4: 濟南美悅雲禧飯店房號 | H4: 桌次 | I4: 晚宴座位 | J4: 課程分組 | K4: 組長 | L4: 備註 | M4: 車廂 | N4: 座位 | O4: 遊覽車次
A5: 1 | B5: 1 | C5: 許智雄 | D5: 高天通訊處 | E5: 男 | H5: 第1桌 | I5: 第9桌 | J5: 第9組 | K5: 組長 | M5: 14 | N5: 04D | O5: 第1車
A6: 1 | B6: 2 | C6: 謝政男 | D6: 高天通訊處 | E6: 男 | H6: 第1桌 | I6: 第6桌 | J6: 第6組 | M6: 14 | N6: 04C | O6: 第1車
A7: 2 | B7: 3 | C7: 何宜家 | D7: 高天通訊處 | E7: 女 | H7: 第1桌 | I7: 主桌 | M7: 14 | N7: 04B | O7: 第1車
A8: 2 | B8: 4 | C8: 蕭宇晴 | D8: 高天通訊處 | E8: 女 | H8: 第1桌 | I8: 第2桌 | J8: 第2組 | M8: 14 | N8: 05C | O8: 第1車
A9: 3 | B9: 5 | C9: 蕭如菁 | D9: 高天通訊處 | E9: 女 | H9: 第1桌 | I9: 第3桌 | J9: 第3組 | M9: 14 | N9: 04F | O9: 第1車
A10: 3 | B10: 6 | C10: 何宜庭 | D10: 高天通訊處 | E10: 女 | H10: 第1桌 | I10: 第8桌 | J10: 第8組 | M10: 14 | N10: 05B | O10: 第1車
A11: 4 | B11: 7 | C11: 戴東志 | D11: 高天通訊處 | E11: 男 | H11: 第1桌 | I11: 第1桌 | J11: 第1組 | M11: 14 | N11: 04A | O11: 第1車
A12: 4 | B12: 8 | C12: 詹政杰 | D12: 高天通訊處 | E12: 男 | H12: 第1桌 | I12: 第7桌 | J12: 第7組 | M12: 14 | N12: 05A | O12: 第1車
A13: 5 | B13: 9 | C13: 吳睿綝 | D13: 高天通訊處 | E13: 女 | H13: 第1桌 | I13: 第9桌 | J13: 第9組 | M13: 14 | N13: 05D | O13: 第1車
A14: 5 | B14: 10 | C14: 陳懷柔 | D14: 高天通訊處 | E14: 女 | H14: 第1桌 | I14: 第7桌 | J14: 第7組 | M14: 14 | N14: 05F | O14: 第1車
A15: 6 | B15: 11 | C15: 黃柏瑞 | D15: 高貴通訊處 | E15: 男 | H15: 第2桌 | I15: 第1桌 | J15: 第1組 | K15: 組長 | M15: 14 | N15: 06A | O15: 第1車
A16: 6 | B16: 12 | C16: 陳其呈 | D16: 高貴通訊處 | E16: 男 | H16: 第2桌 | I16: 第2桌 | J16: 第2組 | M16: 14 | N16: 06B | O16: 第1車
A17: 7 | B17: 13 | C17: 陳武均 | D17: 富予二通訊處 | E17: 男 | H17: 第6桌 | I17: 第5桌 | J17: 第5組 | M17: 14 | N17: 06C | O17: 第2車
A18: 7 | B18: 14 | C18: 陳尚禾 | D18: 富予二通訊處 | E18: 男 | H18: 第6桌 | I18: 第5桌 | J18: 第5組 | M18: 14 | N18: 06D | O18: 第2車
A19: 8 | B19: 15 | C19: 陳昶聿 | D19: 富予二通訊處 | E19: 男 | H19: 第6桌 | I19: 第7桌 | J19: 第7組 | K19: 組長 | M19: 14 | N19: 07A | O19: 第2車
A20: 8 | B20: 16 | C20: 宋里安 | D20: 富予二通訊處 | E20: 男 | H20: 第6桌 | I20: 第3桌 | J20: 第3組 | K20: 組長 | M20: 14 | N20: 07C | O20: 第2車
A21: 9 | B21: 17 | C21: 賴芯甯 | D21: 富予二通訊處 | E21: 女 | H21: 第6桌 | I21: 第2桌 | J21: 第2組 | M21: 14 | N21: 06F | O21: 第2車
A22: 9 | B22: 18 | C22: 高泰琳 | D22: 富予二通訊處 | E22: 女 | H22: 第6桌 | I22: 第4桌 | J22: 第4組 | M22: 14 | N22: 07D | O22: 第2車
A23: 10 | B23: 19 | C23: 許瓊云 | D23: 富予二通訊處 | E23: 女 | H23: 第6桌 | I23: 第6桌 | J23: 第6組 | M23: 14 | N23: 07B | O23: 第2車
A24: 10 | B24: 20 | C24: 王姵慈 | D24: 富吳通訊處 | E24: 女 | H24: 第8桌 | I24: 第2桌 | J24: 第2組 | M24: 14 | N24: 12F | O24: 第2車
A25: 11 | B25: 21 | C25: 賴含怡 | D25: 富則通訊處 | E25: 女 | H25: 第5桌 | I25: 第4桌 | J25: 第4組 | M25: 14 | N25: 14D | O25: 第2車
A26: 11 | B26: 22 | C26: 吳佩姗 | D26: 富吳通訊處 | E26: 女 | H26: 第9桌 | I26: 第2桌 | J26: 第2組 | M26: 14 | N26: 09B | O26: 第2車
A27: 12 | B27: 23 | C27: 王鄆郅 | D27: 富吳通訊處 | E27: 男 | H27: 第9桌 | I27: 第5桌 | J27: 第5組 | M27: 14 | N27: 09A | O27: 第2車
A28: 12 | B28: 24 | C28: 廖冠傑 | D28: 富吳通訊處 | E28: 男 | H28: 第9桌 | I28: 第3桌 | J28: 第3組 | M28: 14 | N28: 09F | O28: 第2車
A29: 13 | B29: 25 | C29: 王騌捷 | D29: 富吳通訊處 | E29: 男 | H29: 第8桌 | I29: 第1桌 | J29: 第1組 | M29: 14 | N29: 13A | O29: 第2車
A30: 13 | B30: 26 | C30: 黃金隆 | D30: 富吳通訊處 | E30: 男 | H30: 第9桌 | I30: 第3桌 | J30: 第3組 | M30: 14 | N30: 10D | O30: 第2車
A31: 14 | B31: 27 | C31: 呂顏伃 | D31: 富吳通訊處 | E31: 女 | H31: 第9桌 | I31: 第8桌 | J31: 第8組 | M31: 14 | N31: 10B | O31: 第2車
A32: 14 | B32: 28 | C32: 陳怡諳 | D32: 富吳通訊處 | E32: 女 | H32: 第9桌 | I32: 第8桌 | J32: 第8組 | M32: 14 | N32: 09C | O32: 第2車
... A44: 20 | B44: 40 | C44: 侯宏詣 | D44: 富則通訊處 | E44: 男 | H44: 第8桌 | I44: 第2桌 | J44: 第2組 | M44: 14 | N44: 12D | O44: 第2車
A45: 21 | B45: 41 | C45: 簡宏鈞 | D45: 富能通訊處 | E45: 男 | H45: 第3桌 | I45: 主桌 | M45: 14 | N45: 13B | O45: 第1車
A46: 21 | B46: 42 | C46: 王昱文 | D46: 富則通訊處 | E46: 男 | H46: 第7桌 | I46: 第9桌 | J46: 第9組 | M46: 14 | N46: 16F | O46: 第2車
A47: 22 | B47: 43 | C47: 管卓鈞 | D47: 富能通訊處 | E47: 女 | H47: 第4桌 | I47: 第5桌 | J47: 第5組 | M47: 14 | N47: 13C | O47: 第1車
A48: 22 | B48: 44 | C48: 林桂安 | D48: 富則通訊處 | E48: 女 | H48: 第7桌 | I48: 第3桌 | J48: 第3組 | M48: 14 | N48: 15B | O48: 第2車
A49: 23 | B49: 45 | C49: 簡姵萱 | D49: 富能通訊處 | E49: 女 | H49: 第4桌 | I49: 第7桌 | J49: 第7組 | M49: 14 | N49: 13D | O49: 第1車
A50: 23 | B50: 46 | C50: 潘韻竹 | D50: 富則通訊處 | E50: 女 | H50: 第4桌 | I50: 第8桌 | J50: 第8組 | M50: 14 | N50: 16D | O50: 第1車
A51: 24 | B51: 47 | C51: 傅佳旻 | D51: 富占通訊處 | E51: 女 | H51: 第3桌 | I51: 第8桌 | J51: 第8組 | M51: 14 | N51: 07F | O51: 第1車
A52: 24 | B52: 48 | C52: 徐維鈴 | D52: 富占通訊處 | E52: 女 | H52: 第3桌 | I52: 第1桌 | J52: 第1組 | M52: 14 | N52: 08A | O52: 第1車
A53: 25 | B53: 49 | C53: 鍾怡婷 | D53: 富占通訊處 | E53: 女 | H53: 第3桌 | I53: 第6桌 | J53: 第6組 | M53: 14 | N53: 08D | O53: 第1車
A54: 25 | B54: 50 | C54: 林宜潔 | D54: 富占通訊處 | E54: 女 | H54: 第3桌 | I54: 第9桌 | J54: 第9組 | M54: 14 | N54: 08F | O54: 第1車
A55: 26 | B55: 51 | C55: 顏明儀 | D55: 富則通訊處 | E55: 女 | H55: 第4桌 | I55: 第2桌 | J55: 第2組 | K55: 組長 | M55: 14 | N55: 15F | O55: 第1車
A56: 26 | B56: 52 | C56: 王思嵐 | D56: 富則通訊處 | E56: 女 | H56: 第4桌 | I56: 第8桌 | J56: 第8組 | M56: 14 | N56: 03C | O56: 第1車
A57: 27 | B57: 53 | C57: 吳品萱 | D57: 富則通訊處 | E57: 女 | H57: 第5桌 | I57: 第6桌 | J57: 第6組 | M57: 14 | N57: 13F | O57: 第2車
A58: 27 | B58: 54 | C58: 林芳誼 | D58: 富則通訊處 | E58: 女 | H58: 第7桌 | I58: 第5桌 | J58: 第5組 | M58: 14 | N58: 16A | O58: 第2車
A59: 28 | B59: 55 | C59: 余妏珊 | D59: 富則通訊處 | E59: 女 | H59: 第5桌 | I59: 第1桌 | J59: 第1組 | M59: 14 | N59: 15A | O59: 第2車
A60: 28 | B60: 56 | C60: 余若馨 | D60: 富則通訊處 | E60: 女 | H60: 第5桌 | I60: 第7桌 | J60: 第7組 | M60: 14 | N60: 16B | O60: 第2車
A61: 29 | B61: 57 | C61: 吳沛錞 | D61: 富則通訊處 | E61: 女 | H61: 第7桌 | I61: 第4桌 | J61: 第4組 | M61: 14 | N61: 16C | O61: 第2車
A62: 29 | B62: 58 | C62: 李婕詠 | D62: 富則通訊處 | E62: 女 | H62: 第7桌 | I62: 第1桌 | J62: 第1組 | M62: 14 | N62: 03F | O62: 第2車
A63: 30 | B63: 59 | C63: 李孟珊 | D63: 富則通訊處 | E63: 女 | H63: 第5桌 | I63: 第5桌 | J63: 第5組 | K63: 組長 | M63: 14 | N63: 14B | O63: 第2車
A64: 30 | B64: 60 | C64: 黃馨葦 | D64: 富則通訊處 | E64: 女 | H64: 第7桌 | I64: 第5桌 | J64: 第5組 | M64: 14 | N64: 15D | O64: 第2車
A65: 31 | B65: 61 | C65: 蔡承遠 | D65: 富則通訊處 | E65: 男 | H65: 第3桌 | I65: 第9桌 | J65: 第9組 | M65: 14 | N65: 03D | O65: 第1車
A66: 31 | B66: 62 | C66: 張國興 | D66: 富則通訊處 | E66: 男 | H66: 第3桌 | I66: 第4桌 | J66: 第4組 | M66: 14 | N66: 15C | O66: 第1車
A67: 32 | B67: 63 | C67: 高智源 | D67: 富則通訊處 | E67: 男 | H67: 第5桌 | I67: 第2桌 | J67: 第2組 | M67: 14 | N67: 14C | O67: 第2車
A68: 32 | B68: 64 | C68: 王銘宏 | D68: 富則通訊處 | E68: 男 | H68: 第5桌 | I68: 第3桌 | J68: 第3組 | M68: 14 | N68: 17B | O68: 第1車
A69: 33 | B69: 65 | C69: 洪敬忠 | D69: 富則六通訊處 | E69: 男 | H69: 第7桌 | I69: 第6桌 | J69: 第6組 | K69: 組長 | M69: 14 | N69: 14F | O69: 第2車
A70: 33 | B70: 66 | C70: 廖宇翔 | D70: 富則六通訊處 | E70: 男 | H70: 第7桌 | I70: 第4桌 | J70: 第4組 | M70: 14 | N70: 17A | O70: 第2車
A71: 34 | B71: 67 | C71: 張祐珮 | D71: 富后通訊處 | E71: 女 | H71: 第2桌 | I71: 第8桌 | J71: 第8組 | K71: 組長 | M71: 14 | N71: 18C | O71: 第1車
A72: 34 | B72: 68 | C72: 施昕余 | D72: 中銘通訊處 | E72: 女 | H72: 第2桌 | I72: 第4桌 | J72: 第4組 | M72: 8 | N72: 02B | O72: 第1車
A73: 35 | B73: 69 | C73: 吳皓誠 | D73: 富亨通訊處 | E73: 男 | H73: 第2桌 | I73: 第1桌 | J73: 第1組 | M73: 8 | N73: 02A | O73: 第1車
A74: 35 | B74: 70 | C74: 張家瑋 | D74: 富亨通訊處 | E74: 男 | H74: 第2桌 | I74: 第3桌 | J74: 第3組 | M74: 14 | N74: 18A | O74: 第1車
A75: 36 | B75: 71 | C75: 馬英傑 | D75: 富亨通訊處 | E75: 男 | H75: 第2桌 | I75: 第9桌 | J75: 第9組 | M75: 14 | N75: 17F | O75: 第1車
A76: 36 | B76: 72 | C76: 林宏威 | D76: 富亨通訊處 | E76: 男 | H76: 第2桌 | I76: 第6桌 | J76: 第6組 | M76: 14 | N76: 18B | O76: 第1車
A77: 37 | B77: 73 | C77: 陳怡萍 | D77: 富亨通訊處 | E77: 女 | H77: 第2桌 | I77: 第4桌 | J77: 第4組 | M77: 14 | N77: 17C | O77: 第1車
A78: 37 | B78: 74 | C78: 廖家慧 | D78: 富亨通訊處 | E78: 女 | H78: 第2桌 | I78: 第9桌 | J78: 第9組 | M78: 14 | N78: 17D | O78: 第1車
A79: 38 | B79: 75 | C79: 陳龍生 | D79: 富鑽通訊處 | E79: 男 | H79: 第4桌 | I79: 第6桌 | J79: 第6組 | M79: 8 | N79: 02D | O79: 第1車
A80: 38 | B80: 76 | C80: 葉金玲 | D80: 富鑽通訊處 | E80: 女 | H80: 第4桌 | I80: 第1桌 | J80: 第1組 | M80: 8 | N80: 02C | O80: 第1車
A81: 39 | B81: 77 | C81: 吳士侃 | D81: 富北通訊處 | E81: 男 | H81: 第4桌 | I81: 第7桌 | J81: 第7組 | M81: 8 | N81: 03A | O81: 第1車
A82: 39 | B82: 78 | C82: 林瑋 | D82: 富北通訊處 | E82: 男 | H82: 第4桌 | I82: 第2桌 | J82: 第2組 | M82: 8 | N82: 02F | O82: 第1車
A83: 40 | B83: 79 | C83: 曾翊雯 | D83: 中沐通訊處 | E83: 女 | H83: 第6桌 | I83: 第4桌 | J83: 第4組 | M83: 8 | N83: 03D | O83: 第1車
A84: 40 | B84: 80 | C84: 王原軍 | D84: 中沐通訊處 | E84: 男 | H84: 第6桌 | I84: 主桌 | M84: 8 | N84: 03C | O84: 第1車
A85: 41 | B85: 81 | C85: 鄭占禮 | D85: 富占通訊處 | E85: 男 | F85: 1111 | G85: 2222 | H85: 第3桌 | I85: 主桌 | M85: 14 | N85: 08C | O85: 第1車
A86: 41 | B86: 82 | C86: 孫振文 | D86: 富北通訊處 | E86: 男 | H86: 第3桌 | I86: 主桌 | M86: 8 | N86: 03B | O86: 第1車
A87: 42 | B87: 83 | C87: 范毓斌 | D87: 富占通訊處 | E87: 男 | H87: 第3桌 | I87: 第4桌 | J87: 第4組 | K87: 組長 | M87: 14 | N87: 08B | O87: 第1車
A88: 43 | B88: 84 | C88: 邱仲恩 | D88: 富吳通訊處 | E88: 男 | H88: 第8桌 | I88: 第5桌 | J88: 第5組 | M88: 14 | N88: 11C | O88: 第2車
A89: 44 | B89: 85 | C89: 吳修毅 | D89: 富吳通訊處 | E89: 男 | H89: 第5桌 | I89: 主桌 | M89: 14 | N89: 11A | O89: 第2車

Sheet 桌次
A1: 用餐桌次名單
A2: 依最新桌次整理｜共 85 人、9 桌；內容與總表連動。
A4: 桌次 | B4: 姓名 | C4: 單位 | D4: 性別 | E4: 房號 | F4: 編號 | G4: 青島房號 | H4: 濟南房號
A5: =總表!H5 -> 第1桌 | B5: =總表!C5 -> 許智雄 | C5: =總表!D5 -> 高天通訊處 | D5: =總表!E5 -> 男 | E5: =總表!A5 -> 1 | F5: =總表!B5 -> 1 | G5: =IF(總表!F5="","",總表!F5) | H5: =IF(總表!G5="","",總表!G5)
A6: =總表!H6 -> 第1桌 | B6: =總表!C6 -> 謝政男 | C6: =總表!D6 -> 高天通訊處 | D6: =總表!E6 -> 男 | E6: =總表!A6 -> 1 | F6: =總表!B6 -> 2 | G6: =IF(總表!F6="","",總表!F6) | H6: =IF(總表!G6="","",總表!G6)
A7: =總表!H7 -> 第1桌 | B7: =總表!C7 -> 何宜家 | C7: =總表!D7 -> 高天通訊處 | D7: =總表!E7 -> 女 | E7: =總表!A7 -> 2 | F7: =總表!B7 -> 3 | G7: =IF(總表!F7="","",總表!F7) | H7: =IF(總表!G7="","",總表!G7)
A8: =總表!H8 -> 第1桌 | B8: =總表!C8 -> 蕭宇晴 | C8: =總表!D8 -> 高天通訊處 | D8: =總表!E8 -> 女 | E8: =總表!A8 -> 2 | F8: =總表!B8 -> 4 | G8: =IF(總表!F8="","",總表!F8) | H8: =IF(總表!G8="","",總表!G8)
A9: =總表!H9 -> 第1桌 | B9: =總表!C9 -> 蕭如菁 | C9: =總表!D9 -> 高天通訊處 | D9: =總表!E9 -> 女 | E9: =總表!A9 -> 3 | F9: =總表!B9 -> 5 | G9: =IF(總表!F9="","",總表!F9) | H9: =IF(總表!G9="","",總表!G9)
A10: =總表!H10 -> 第1桌 | B10: =總表!C10 -> 何宜庭 | C10: =總表!D10 -> 高天通訊處 | D10: =總表!E10 -> 女 | E10: =總表!A10 -> 3 | F10: =總表!B10 -> 6 | G10: =IF(總表!F10="","",總表!F10) | H10: =IF(總表!G10="","",總表!G10)
A11: =總表!H11 -> 第1桌 | B11: =總表!C11 -> 戴東志 | C11: =總表!D11 -> 高天通訊處 | D11: =總表!E11 -> 男 | E11: =總表!A11 -> 4 | F11: =總表!B11 -> 7 | G11: =IF(總表!F11="","",總表!F11) | H11: =IF(總表!G11="","",總表!G11)
A12: =總表!H12 -> 第1桌 | B12: =總表!C12 -> 詹政杰 | C12: =總表!D12 -> 高天通訊處 | D12: =總表!E12 -> 男 | E12: =總表!A12 -> 4 | F12: =總表!B12 -> 8 | G12: =IF(總表!F12="","",總表!F12) | H12: =IF(總表!G12="","",總表!G12)
A13: =總表!H13 -> 第1桌 | B13: =總表!C13 -> 吳睿綝 | C13: =總表!D13 -> 高天通訊處 | D13: =總表!E13 -> 女 | E13: =總表!A13 -> 5 | F13: =總表!B13 -> 9 | G13: =IF(總表!F13="","",總表!F13) | H13: =IF(總表!G13="","",總表!G13)
A14: =總表!H14 -> 第1桌 | B14: =總表!C14 -> 陳懷柔 | C14: =總表!D14 -> 高天通訊處 | D14: =總表!E14 -> 女 | E14: =總表!A14 -> 5 | F14: =總表!B14 -> 10 | G14: =IF(總表!F14="","",總表!F14) | H14: =IF(總表!G14="","",總表!G14)
A15: =總表!H15 -> 第2桌 | B15: =總表!C15 -> 黃柏瑞 | C15: =總表!D15 -> 高貴通訊處 | D15: =總表!E15 -> 男 | E15: =總表!A15 -> 6 | F15: =總表!B15 -> 11 | G15: =IF(總表!F15="","",總表!F15) | H15: =IF(總表!G15="","",總表!G15)
A16: =總表!H16 -> 第2桌 | B16: =總表!C16 -> 陳其呈 | C16: =總表!D16 -> 高貴通訊處 | D16: =總表!E16 -> 男 | E16: =總表!A16 -> 6 | F16: =總表!B16 -> 12 | G16: =IF(總表!F16="","",總表!F16) | H16: =IF(總表!G16="","",總表!G16)
A17: =總表!H71 -> 第2桌 | B17: =總表!C71 -> 張祐珮 | C17: =總表!D71 -> 富后通訊處 | D17: =總表!E71 -> 女 | E17: =總表!A71 -> 34 | F17: =總表!B71 -> 67 | G17: =IF(總表!F71="","",總表!F71) | H17: =IF(總表!G71="","",總表!G71)
A18: =總表!H72 -> 第2桌 | B18: =總表!C72 -> 施昕余 | C18: =總表!D72 -> 中銘通訊處 | D18: =總表!E72 -> 女 | E18: =總表!A72 -> 34 | F18: =總表!B72 -> 68 | G18: =IF(總表!F72="","",總表!F72) | H18: =IF(總表!G72="","",總表!G72)
A19: =總表!H73 -> 第2桌 | B19: =總表!C73 -> 吳皓誠 | C19: =總表!D73 -> 富亨通訊處 | D19: =總表!E73 -> 男 | E19: =總表!A73 -> 35 | F19: =總表!B73 -> 69 | G19: =IF(總表!F73="","",總表!F73) | H19: =IF(總表!G73="","",總表!G73)
A20: =總表!H74 -> 第2桌 | B20: =總表!C74 -> 張家瑋 | C20: =總表!D74 -> 富亨通訊處 | D20: =總表!E74 -> 男 | E20: =總表!A74 -> 35 | F20: =總表!B74 -> 70 | G20: =IF(總表!F74="","",總表!F74) | H20: =IF(總表!G74="","",總表!G74)
A21: =總表!H75 -> 第2桌 | B21: =總表!C75 -> 馬英傑 | C21: =總表!D75 -> 富亨通訊處 | D21: =總表!E75 -> 男 | E21: =總表!A75 -> 36 | F21: =總表!B75 -> 71 | G21: =IF(總表!F75="","",總表!F75) | H21: =IF(總表!G75="","",總表!G75)
A22: =總表!H76 -> 第2桌 | B22: =總表!C76 -> 林宏威 | C22: =總表!D76 -> 富亨通訊處 | D22: =總表!E76 -> 男 | E22: =總表!A76 -> 36 | F22: =總表!B76 -> 72 | G22: =IF(總表!F76="","",總表!F76) | H22: =IF(總表!G76="","",總表!G76)
A23: =總表!H77 -> 第2桌 | B23: =總表!C77 -> 陳怡萍 | C23: =總表!D77 -> 富亨通訊處 | D23: =總表!E77 -> 女 | E23: =總表!A77 -> 37 | F23: =總表!B77 -> 73 | G23: =IF(總表!F77="","",總表!F77) | H23: =IF(總表!G77="","",總表!G77)
A24: =總表!H78 -> 第2桌 | B24: =總表!C78 -> 廖家慧 | C24: =總表!D78 -> 富亨通訊處 | D24: =總表!E78 -> 女 | E24: =總表!A78 -> 37 | F24: =總表!B78 -> 74 | G24: =IF(總表!F78="","",總表!F78) | H24: =IF(總表!G78="","",總表!G78)
A25: =總表!H45 -> 第3桌 | B25: =總表!C45 -> 簡宏鈞 | C25: =總表!D45 -> 富能通訊處 | D25: =總表!E45 -> 男 | E25: =總表!A45 -> 21 | F25: =總表!B45 -> 41 | G25: =IF(總表!F45="","",總表!F45) | H25: =IF(總表!G45="","",總表!G45)
A26: =總表!H51 -> 第3桌 | B26: =總表!C51 -> 傅佳旻 | C26: =總表!D51 -> 富占通訊處 | D26: =總表!E51 -> 女 | E26: =總表!A51 -> 24 | F26: =總表!B51 -> 47 | G26: =IF(總表!F51="","",總表!F51) | H26: =IF(總表!G51="","",總表!G51)
A27: =總表!H52 -> 第3桌 | B27: =總表!C52 -> 徐維鈴 | C27: =總表!D52 -> 富占通訊處 | D27: =總表!E52 -> 女 | E27: =總表!A52 -> 24 | F27: =總表!B52 -> 48 | G27: =IF(總表!F52="","",總表!F52) | H27: =IF(總表!G52="","",總表!G52)
A28: =總表!H53 -> 第3桌 | B28: =總表!C53 -> 鍾怡婷 | C28: =總表!D53 -> 富占通訊處 | D28: =總表!E53 -> 女 | E28: =總表!A53 -> 25 | F28: =總表!B53 -> 49 | G28: =IF(總表!F53="","",總表!F53) | H28: =IF(總表!G53="","",總表!G53)
A29: =總表!H54 -> 第3桌 | B29: =總表!C54 -> 林宜潔 | C29: =總表!D54 -> 富占通訊處 | D29: =總表!E54 -> 女 | E29: =總表!A54 -> 25 | F29: =總表!B54 -> 50 | G29: =IF(總表!F54="","",總表!F54) | H29: =IF(總表!G54="","",總表!G54)
A30: =總表!H65 -> 第3桌 | B30: =總表!C65 -> 蔡承遠 | C30: =總表!D65 -> 富則通訊處 | D30: =總表!E65 -> 男 | E30: =總表!A65 -> 31 | F30: =總表!B65 -> 61 | G30: =IF(總表!F65="","",總表!F65) | H30: =IF(總表!G65="","",總表!G65)
A31: =總表!H66 -> 第3桌 | B31: =總表!C66 -> 張國興 | C31: =總表!D66 -> 富則通訊處 | D31: =總表!E66 -> 男 | E31: =總表!A66 -> 31 | F31: =總表!B66 -> 62 | G31: =IF(總表!F66="","",總表!F66) | H31: =IF(總表!G66="","",總表!G66)
A32: =總表!H85 -> 第3桌 | B32: =總表!C85 -> 鄭占禮 | C32: =總表!D85 -> 富占通訊處 | D32: =總表!E85 -> 男 | E32: =總表!A85 -> 41 | F32: =總表!B85 -> 81 | G32: =IF(總表!F85="","",總表!F85) -> 1111 | H32: =IF(總表!G85="","",總表!G85) -> 2222
A33: =總表!H86 -> 第3桌 | B33: =總表!C86 -> 孫振文 | C33: =總表!D86 -> 富北通訊處 | D33: =總表!E86 -> 男 | E33: =總表!A86 -> 41 | F33: =總表!B86 -> 82 | G33: =IF(總表!F86="","",總表!F86) | H33: =IF(總表!G86="","",總表!G86)
A34: =總表!H87 -> 第3桌 | B34: =總表!C87 -> 范毓斌 | C34: =總表!D87 -> 富占通訊處 | D34: =總表!E87 -> 男 | E34: =總表!A87 -> 42 | F34: =總表!B87 -> 83 | G34: =IF(總表!F87="","",總表!F87) | H34: =IF(總表!G87="","",總表!G87)
A35: =總表!H47 -> 第4桌 | B35: =總表!C47 -> 管卓鈞 | C35: =總表!D47 -> 富能通訊處 | D35: =總表!E47 -> 女 | E35: =總表!A47 -> 22 | F35: =總表!B47 -> 43 | G35: =IF(總表!F47="","",總表!F47) | H35: =IF(總表!G47="","",總表!G47)
A36: =總表!H49 -> 第4桌 | B36: =總表!C49 -> 簡姵萱 | C36: =總表!D49 -> 富能通訊處 | D36: =總表!E49 -> 女 | E36: =總表!A49 -> 23 | F36: =總表!B49 -> 45 | G36: =IF(總表!F49="","",總表!F49) | H36: =IF(總表!G49="","",總表!G49)
A37: =總表!H50 -> 第4桌 | B37: =總表!C50 -> 潘韻竹 | C37: =總表!D50 -> 富則通訊處 | D37: =總表!E50 -> 女 | E37: =總表!A50 -> 23 | F37: =總表!B50 -> 46 | G37: =IF(總表!F50="","",總表!F50) | H37: =IF(總表!G50="","",總表!G50)
A38: =總表!H55 -> 第4桌 | B38: =總表!C55 -> 顏明儀 | C38: =總表!D55 -> 富則通訊處 | D38: =總表!E55 -> 女 | E38: =總表!A55 -> 26 | F38: =總表!B55 -> 51 | G38: =IF(總表!F55="","",總表!F55) | H38: =IF(總表!G55="","",總表!G55)
A39: =總表!H56 -> 第4桌 | B39: =總表!C56 -> 王思嵐 | C39: =總表!D56 -> 富則通訊處 | D39: =總表!E56 -> 女 | E39: =總表!A56 -> 26 | F39: =總表!B56 -> 52 | G39: =IF(總表!F56="","",總表!F56) | H39: =IF(總表!G56="","",總表!G56)
A40: =總表!H79 -> 第4桌 | B40: =總表!C79 -> 陳龍生 | C40: =總表!D79 -> 富鑽通訊處 | D40: =總表!E79 -> 男 | E40: =總表!A79 -> 38 | F40: =總表!B79 -> 75 | G40: =IF(總表!F79="","",總表!F79) | H40: =IF(總表!G79="","",總表!G79)
A41: =總表!H80 -> 第4桌 | B41: =總表!C80 -> 葉金玲 | C41: =總表!D80 -> 富鑽通訊處 | D41: =總表!E80 -> 女 | E41: =總表!A80 -> 38 | F41: =總表!B80 -> 76 | G41: =IF(總表!F80="","",總表!F80) | H41: =IF(總表!G80="","",總表!G80)
A42: =總表!H81 -> 第4桌 | B42: =總表!C81 -> 吳士侃 | C42: =總表!D81 -> 富北通訊處 | D42: =總表!E81 -> 男 | E42: =總表!A81 -> 39 | F42: =總表!B81 -> 77 | G42: =IF(總表!F81="","",總表!F81) | H42: =IF(總表!G81="","",總表!G81)
A43: =總表!H82 -> 第4桌 | B43: =總表!C82 -> 林瑋 | C43: =總表!D82 -> 富北通訊處 | D43: =總表!E82 -> 男 | E43: =總表!A82 -> 39 | F43: =總表!B82 -> 78 | G43: =IF(總表!F82="","",總表!F82) | H43: =IF(總表!G82="","",總表!G82)
A44: =總表!H25 -> 第5桌 | B44: =總表!C25 -> 賴含怡 | C44: =總表!D25 -> 富則通訊處 | D44: =總表!E25 -> 女 | E44: =總表!A25 -> 11 | F44: =總表!B25 -> 21 | G44: =IF(總表!F25="","",總表!F25) | H44: =IF(總表!G25="","",總表!G25)
A45: =總表!H39 -> 第5桌 | B45: =總表!C39 -> 鄭丞哲 | C45: =總表!D39 -> 富吳通訊處 | D45: =總表!E39 -> 男 | E45: =總表!A39 -> 18 | F45: =總表!B39 -> 35 | G45: =IF(總表!F39="","",總表!F39) | H45: =IF(總表!G39="","",總表!G39)
A46: =總表!H40 -> 第5桌 | B46: =總表!C40 -> 謝宇軒 | C46: =總表!D40 -> 富吳通訊處 | D46: =總表!E40 -> 男 | E46: =總表!A40 -> 18 | F46: =總表!B40 -> 36 | G46: =IF(總表!F40="","",總表!F40) | H46: =IF(總表!G40="","",總表!G40)
A47: =總表!H57 -> 第5桌 | B47: =總表!C57 -> 吳品萱 | C47: =總表!D57 -> 富則通訊處 | D47: =總表!E57 -> 女 | E47: =總表!A57 -> 27 | F47: =總表!B57 -> 53 | G47: =IF(總表!F57="","",總表!F57) | H47: =IF(總表!G57="","",總表!G57)
A48: =總表!H59 -> 第5桌 | B48: =總表!C59 -> 余妏珊 | C48: =總表!D59 -> 富則通訊處 | D48: =總表!E59 -> 女 | E48: =總表!A59 -> 28 | F48: =總表!B59 -> 55 | G48: =IF(總表!F59="","",總表!F59) | H48: =IF(總表!G59="","",總表!G59)
A49: =總表!H60 -> 第5桌 | B49: =總表!C60 -> 余若馨 | C49: =總表!D60 -> 富則通訊處 | D49: =總表!E60 -> 女 | E49: =總表!A60 -> 28 | F49: =總表!B60 -> 56 | G49: =IF(總表!F60="","",總表!F60) | H49: =IF(總表!G60="","",總表!G60)
A50: =總表!H63 -> 第5桌 | B50: =總表!C63 -> 李孟珊 | C50: =總表!D63 -> 富則通訊處 | D50: =總表!E63 -> 女 | E50: =總表!A63 -> 30 | F50: =總表!B63 -> 59 | G50: =IF(總表!F63="","",總表!F63) | H50: =IF(總表!G63="","",總表!G63)
A51: =總表!H67 -> 第5桌 | B51: =總表!C67 -> 高智源 | C51: =總表!D67 -> 富則通訊處 | D51: =總表!E67 -> 男 | E51: =總表!A67 -> 32 | F51: =總表!B67 -> 63 | G51: =IF(總表!F67="","",總表!F67) | H51: =IF(總表!G67="","",總表!G67)
A52: =總表!H68 -> 第5桌 | B52: =總表!C68 -> 王銘宏 | C52: =總表!D68 -> 富則通訊處 | D52: =總表!E68 -> 男 | E52: =總表!A68 -> 32 | F52: =總表!B68 -> 64 | G52: =IF(總表!F68="","",總表!F68) | H52: =IF(總表!G68="","",總表!G68)
A53: =總表!H89 -> 第5桌 | B53: =總表!C89 -> 吳修毅 | C53: =總表!D89 -> 富吳通訊處 | D53: =總表!E89 -> 男 | E53: =總表!A89 -> 44 | F53: =總表!B89 -> 85 | G53: =IF(總表!F89="","",總表!F89) | H53: =IF(總表!G89="","",總表!G89)
A54: =總表!H17 -> 第6桌 | B54: =總表!C17 -> 陳武均 | C54: =總表!D17 -> 富予二通訊處 | D54: =總表!E17 -> 男 | E54: =總表!A17 -> 7 | F54: =總表!B17 -> 13 | G54: =IF(總表!F17="","",總表!F17) | H54: =IF(總表!G17="","",總表!G17)
A55: =總表!H18 -> 第6桌 | B55: =總表!C18 -> 陳尚禾 | C55: =總表!D18 -> 富予二通訊處 | D55: =總表!E18 -> 男 | E55: =總表!A18 -> 7 | F55: =總表!B18 -> 14 | G55: =IF(總表!F18="","",總表!F18) | H55: =IF(總表!G18="","",總表!G18)
A56: =總表!H19 -> 第6桌 | B56: =總表!C19 -> 陳昶聿 | C56: =總表!D19 -> 富予二通訊處 | D56: =總表!E19 -> 男 | E56: =總表!A19 -> 8 | F56: =總表!B19 -> 15 | G56: =IF(總表!F19="","",總表!F19) | H56: =IF(總表!G19="","",總表!G19)
A57: =總表!H20 -> 第6桌 | B57: =總表!C20 -> 宋里安 | C57: =總表!D20 -> 富予二通訊處 | D57: =總表!E20 -> 男 | E57: =總表!A20 -> 8 | F57: =總表!B20 -> 16 | G57: =IF(總表!F20="","",總表!F20) | H57: =IF(總表!G20="","",總表!G20)
A58: =總表!H21 -> 第6桌 | B58: =總表!C21 -> 賴芯甯 | C58: =總表!D21 -> 富予二通訊處 | D58: =總表!E21 -> 女 | E58: =總表!A21 -> 9 | F58: =總表!B21 -> 17 | G58: =IF(總表!F21="","",總表!F21) | H58: =IF(總表!G21="","",總表!G21)
A59: =總表!H22 -> 第6桌 | B59: =總表!C22 -> 高泰琳 | C59: =總表!D22 -> 富予二通訊處 | D59: =總表!E22 -> 女 | E59: =總表!A22 -> 9 | F59: =總表!B22 -> 18 | G59: =IF(總表!F22="","",總表!F22) | H59: =IF(總表!G22="","",總表!G22)
A60: =總表!H23 -> 第6桌 | B60: =總表!C23 -> 許瓊云 | C60: =總表!D23 -> 富予二通訊處 | D60: =總表!E23 -> 女 | E60: =總表!A23 -> 10 | F60: =總表!B23 -> 19 | G60: =IF(總表!F23="","",總表!F23) | H60: =IF(總表!G23="","",總表!G23)
A61: =總表!H83 -> 第6桌 | B61: =總表!C83 -> 曾翊雯 | C61: =總表!D83 -> 中沐通訊處 | D61: =總表!E83 -> 女 | E61: =總表!A83 -> 40 | F61: =總表!B83 -> 79 | G61: =IF(總表!F83="","",總表!F83) | H61: =IF(總表!G83="","",總表!G83)
A62: =總表!H84 -> 第6桌 | B62: =總表!C84 -> 王原軍 | C62: =總表!D84 -> 中沐通訊處 | D62: =總表!E84 -> 男 | E62: =總表!A84 -> 40 | F62: =總表!B84 -> 80 | G62: =IF(總表!F84="","",總表!F84) | H62: =IF(總表!G84="","",總表!G84)
A63: =總表!H46 -> 第7桌 | B63: =總表!C46 -> 王昱文 | C63: =總表!D46 -> 富則通訊處 | D63: =總表!E46 -> 男 | E63: =總表!A46 -> 21 | F63: =總表!B46 -> 42 | G63: =IF(總表!F46="","",總表!F46) | H63: =IF(總表!G46="","",總表!G46)
A64: =總表!H48 -> 第7桌 | B64: =總表!C48 -> 林桂安 | C64: =總表!D48 -> 富則通訊處 | D64: =總表!E48 -> 女 | E64: =總表!A48 -> 22 | F64: =總表!B48 -> 44 | G64: =IF(總表!F48="","",總表!F48) | H64: =IF(總表!G48="","",總表!G48)
A65: =總表!H58 -> 第7桌 | B65: =總表!C58 -> 林芳誼 | C65: =總表!D58 -> 富則通訊處 | D65: =總表!E58 -> 女 | E65: =總表!A58 -> 27 | F65: =總表!B58 -> 54 | G65: =IF(總表!F58="","",總表!F58) | H65: =IF(總表!G58="","",總表!G58)
A66: =總表!H61 -> 第7桌 | B66: =總表!C61 -> 吳沛錞 | C66: =總表!D61 -> 富則通訊處 | D66: =總表!E61 -> 女 | E66: =總表!A61 -> 29 | F66: =總表!B61 -> 57 | G66: =IF(總表!F61="","",總表!F61) | H66: =IF(總表!G61="","",總表!G61)
A67: =總表!H62 -> 第7桌 | B67: =總表!C62 -> 李婕詠 | C67: =總表!D62 -> 富則通訊處 | D67: =總表!E62 -> 女 | E67: =總表!A62 -> 29 | F67: =總表!B62 -> 58 | G67: =IF(總表!F62="","",總表!F62) | H67: =IF(總表!G62="","",總表!G62)
A68: =總表!H64 -> 第7桌 | B68: =總表!C64 -> 黃馨葦 | C68: =總表!D64 -> 富則通訊處 | D68: =總表!E64 -> 女 | E68: =總表!A64 -> 30 | F68: =總表!B64 -> 60 | G68: =IF(總表!F64="","",總表!F64) | H68: =IF(總表!G64="","",總表!G64)
A69: =總表!H69 -> 第7桌 | B69: =總表!C69 -> 洪敬忠 | C69: =總表!D69 -> 富則六通訊處 | D69: =總表!E69 -> 男 | E69: =總表!A69 -> 33 | F69: =總表!B69 -> 65 | G69: =IF(總表!F69="","",總表!F69) | H69: =IF(總表!G69="","",總表!G69)
A70: =總表!H70 -> 第7桌 | B70: =總表!C70 -> 廖宇翔 | C70: =總表!D70 -> 富則六通訊處 | D70: =總表!E70 -> 男 | E70: =總表!A70 -> 33 | F70: =總表!B70 -> 66 | G70: =IF(總表!F70="","",總表!F70) | H70: =IF(總表!G70="","",總表!G70)
A71: =總表!H24 -> 第8桌 | B71: =總表!C24 -> 王姵慈 | C71: =總表!D24 -> 富吳通訊處 | D71: =總表!E24 -> 女 | E71: =總表!A24 -> 10 | F71: =總表!B24 -> 20 | G71: =IF(總表!F24="","",總表!F24) | H71: =IF(總表!G24="","",總表!G24)
A72: =總表!H29 -> 第8桌 | B72: =總表!C29 -> 王騌捷 | C72: =總表!D29 -> 富吳通訊處 | D72: =總表!E29 -> 男 | E72: =總表!A29 -> 13 | F72: =總表!B29 -> 25 | G72: =IF(總表!F29="","",總表!F29) | H72: =IF(總表!G29="","",總表!G29)
A73: =總表!H36 -> 第8桌 | B73: =總表!C36 -> 林建璋 | C73: =總表!D36 -> 富吳通訊處 | D73: =總表!E36 -> 男 | E73: =總表!A36 -> 16 | F73: =總表!B36 -> 32 | G73: =IF(總表!F36="","",總表!F36) | H73: =IF(總表!G36="","",總表!G36)
A74: =總表!H37 -> 第8桌 | B74: =總表!C37 -> 李奕寬 | C74: =總表!D37 -> 富吳通訊處 | D74: =總表!E37 -> 男 | E74: =總表!A37 -> 17 | F74: =總表!B37 -> 33 | G74: =IF(總表!F37="","",總表!F37) | H74: =IF(總表!G37="","",總表!G37)
A75: =總表!H38 -> 第8桌 | B75: =總表!C38 -> 黃彥融 | C75: =總表!D38 -> 富吳通訊處 | D75: =總表!E38 -> 男 | E75: =總表!A38 -> 17 | F75: =總表!B38 -> 34 | G75: =IF(總表!F38="","",總表!F38) | H75: =IF(總表!G38="","",總表!G38)
A76: =總表!H41 -> 第8桌 | B76: =總表!C41 -> 戴孜安 | C76: =總表!D41 -> 富吳通訊處 | D76: =總表!E41 -> 女 | E76: =總表!A41 -> 19 | F76: =總表!B41 -> 37 | G76: =IF(總表!F41="","",總表!F41) | H76: =IF(總表!G41="","",總表!G41)
A77: =總表!H42 -> 第8桌 | B77: =總表!C42 -> 徐瀚 | C77: =總表!D42 -> 富吳通訊處 | D77: =總表!E42 -> 男 | E77: =總表!A42 -> 19 | F77: =總表!B42 -> 38 | G77: =IF(總表!F42="","",總表!F42) | H77: =IF(總表!G42="","",總表!G42)
A78: =總表!H43 -> 第8桌 | B78: =總表!C43 -> 許嘉晉 | C78: =總表!D43 -> 富則通訊處 | D78: =總表!E43 -> 男 | E78: =總表!A43 -> 20 | F78: =總表!B43 -> 39 | G78: =IF(總表!F43="","",總表!F43) | H78: =IF(總表!G43="","",總表!G43)
A79: =總表!H44 -> 第8桌 | B79: =總表!C44 -> 侯宏詣 | C79: =總表!D44 -> 富則通訊處 | D79: =總表!E44 -> 男 | E79: =總表!A44 -> 20 | F79: =總表!B44 -> 40 | G79: =IF(總表!F44="","",總表!F44) | H79: =IF(總表!G44="","",總表!G44)
A80: =總表!H88 -> 第8桌 | B80: =總表!C88 -> 邱仲恩 | C80: =總表!D88 -> 富吳通訊處 | D80: =總表!E88 -> 男 | E80: =總表!A88 -> 43 | F80: =總表!B88 -> 84 | G80: =IF(總表!F88="","",總表!F88) | H80: =IF(總表!G88="","",總表!G88)
A81: =總表!H26 -> 第9桌 | B81: =總表!C26 -> 吳佩姗 | C81: =總表!D26 -> 富吳通訊處 | D81: =總表!E26 -> 女 | E81: =總表!A26 -> 11 | F81: =總表!B26 -> 22 | G81: =IF(總表!F26="","",總表!F26) | H81: =IF(總表!G26="","",總表!G26)
A82: =總表!H27 -> 第9桌 | B82: =總表!C27 -> 王鄆郅 | C82: =總表!D27 -> 富吳通訊處 | D82: =總表!E27 -> 男 | E82: =總表!A27 -> 12 | F82: =總表!B27 -> 23 | G82: =IF(總表!F27="","",總表!F27) | H82: =IF(總表!G27="","",總表!G27)
A83: =總表!H28 -> 第9桌 | B83: =總表!C28 -> 廖冠傑 | C83: =總表!D28 -> 富吳通訊處 | D83: =總表!E28 -> 男 | E83: =總表!A28 -> 12 | F83: =總表!B28 -> 24 | G83: =IF(總表!F28="","",總表!F28) | H83: =IF(總表!G28="","",總表!G28)
A84: =總表!H30 -> 第9桌 | B84: =總表!C30 -> 黃金隆 | C84: =總表!D30 -> 富吳通訊處 | D84: =總表!E30 -> 男 | E84: =總表!A30 -> 13 | F84: =總表!B30 -> 26 | G84: =IF(總表!F30="","",總表!F30) | H84: =IF(總表!G30="","",總表!G30)
A85: =總表!H31 -> 第9桌 | B85: =總表!C31 -> 呂顏伃 | C85: =總表!D31 -> 富吳通訊處 | D85: =總表!E31 -> 女 | E85: =總表!A31 -> 14 | F85: =總表!B31 -> 27 | G85: =IF(總表!F31="","",總表!F31) | H85: =IF(總表!G31="","",總表!G31)
A86: =總表!H32 -> 第9桌 | B86: =總表!C32 -> 陳怡諳 | C86: =總表!D32 -> 富吳通訊處 | D86: =總表!E32 -> 女 | E86: =總表!A32 -> 14 | F86: =總表!B32 -> 28 | G86: =IF(總表!F32="","",總表!F32) | H86: =IF(總表!G32="","",總表!G32)
A87: =總表!H33 -> 第9桌 | B87: =總表!C33 -> 彭莉柔 | C87: =總表!D33 -> 富吳通訊處 | D87: =總表!E33 -> 女 | E87: =總表!A33 -> 15 | F87: =總表!B33 -> 29 | G87: =IF(總表!F33="","",總表!F33) | H87: =IF(總表!G33="","",總表!G33)
A88: =總表!H34 -> 第9桌 | B88: =總表!C34 -> 陳盈蓁 | C88: =總表!D34 -> 富吳通訊處 | D88: =總表!E34 -> 女 | E88: =總表!A34 -> 15 | F88: =總表!B34 -> 30 | G88: =IF(總表!F34="","",總表!F34) | H88: =IF(總表!G34="","",總表!G34)
A89: =總表!H35 -> 第9桌 | B89: =總表!C35 -> 周易慶 | C89: =總表!D35 -> 富吳通訊處 | D89: =總表!E35 -> 男 | E89: =總表!A35 -> 16 | F89: =總表!B35 -> 31 | G89: =IF(總表!F35="","",總表!F35) | H89: =IF(總表!G35="","",總表!G35)

Sheet 晚宴
A1: 晚宴座位名單
A2: 依總表晚宴座位整理｜共 85 人；主桌及第 1～9 桌，含課程分組與組長。
A4: 晚宴座位 | B4: 課程分組 | C4: 組長 | D4: 姓名 | E4: 單位 | F4: 性別 | G4: 房號 | H4: 編號 | I4: 備註
A5: =總表!I7 -> 主桌 | B5: =IF(總表!J7="","",總表!J7) | C5: =IF(總表!K7="","",總表!K7) | D5: =總表!C7 -> 何宜家 | E5: =總表!D7 -> 高天通訊處 | F5: =總表!E7 -> 女 | G5: =總表!A7 -> 2 | H5: =總表!B7 -> 3 | I5: =IF(總表!L7="","",總表!L7)
A6: =總表!I45 -> 主桌 | B6: =IF(總表!J45="","",總表!J45) | C6: =IF(總表!K45="","",總表!K45) | D6: =總表!C45 -> 簡宏鈞 | E6: =總表!D45 -> 富能通訊處 | F6: =總表!E45 -> 男 | G6: =總表!A45 -> 21 | H6: =總表!B45 -> 41 | I6: =IF(總表!L45="","",總表!L45)
A7: =總表!I84 -> 主桌 | B7: =IF(總表!J84="","",總表!J84) | C7: =IF(總表!K84="","",總表!K84) | D7: =總表!C84 -> 王原軍 | E7: =總表!D84 -> 中沐通訊處 | F7: =總表!E84 -> 男 | G7: =總表!A84 -> 40 | H7: =總表!B84 -> 80 | I7: =IF(總表!L84="","",總表!L84)
A8: =總表!I85 -> 主桌 | B8: =IF(總表!J85="","",總表!J85) | C8: =IF(總表!K85="","",總表!K85) | D8: =總表!C85 -> 鄭占禮 | E8: =總表!D85 -> 富占通訊處 | F8: =總表!E85 -> 男 | G8: =總表!A85 -> 41 | H8: =總表!B85 -> 81 | I8: =IF(總表!L85="","",總表!L85)
A9: =總表!I86 -> 主桌 | B9: =IF(總表!J86="","",總表!J86) | C9: =IF(總表!K86="","",總表!K86) | D9: =總表!C86 -> 孫振文 | E9: =總表!D86 -> 富北通訊處 | F9: =總表!E86 -> 男 | G9: =總表!A86 -> 41 | H9: =總表!B86 -> 82 | I9: =IF(總表!L86="","",總表!L86)
A10: =總表!I89 -> 主桌 | B10: =IF(總表!J89="","",總表!J89) | C10: =IF(總表!K89="","",總表!K89) | D10: =總表!C89 -> 吳修毅 | E10: =總表!D89 -> 富吳通訊處 | F10: =總表!E89 -> 男 | G10: =總表!A89 -> 44 | H10: =總表!B89 -> 85 | I10: =IF(總表!L89="","",總表!L89)
A11: =總表!I11 -> 第1桌 | B11: =IF(總表!J11="","",總表!J11) -> 第1組 | C11: =IF(總表!K11="","",總表!K11) | D11: =總表!C11 -> 戴東志 | E11: =總表!D11 -> 高天通訊處 | F11: =總表!E11 -> 男 | G11: =總表!A11 -> 4 | H11: =總表!B11 -> 7 | I11: =IF(總表!L11="","",總表!L11)
A12: =總表!I15 -> 第1桌 | B12: =IF(總表!J15="","",總表!J15) -> 第1組 | C12: =IF(總表!K15="","",總表!K15) -> 組長 | D12: =總表!C15 -> 黃柏瑞 | E12: =總表!D15 -> 高貴通訊處 | F12: =總表!E15 -> 男 | G12: =總表!A15 -> 6 | H12: =總表!B15 -> 11 | I12: =IF(總表!L15="","",總表!L15)
A13: =總表!I29 -> 第1桌 | B13: =IF(總表!J29="","",總表!J29) -> 第1組 | C13: =IF(總表!K29="","",總表!K29) | D13: =總表!C29 -> 王騌捷 | E13: =總表!D29 -> 富吳通訊處 | F13: =總表!E29 -> 男 | G13: =總表!A29 -> 13 | H13: =總表!B29 -> 25 | I13: =IF(總表!L29="","",總表!L29)
A14: =總表!I39 -> 第1桌 | B14: =IF(總表!J39="","",總表!J39) -> 第1組 | C14: =IF(總表!K39="","",總表!K39) | D14: =總表!C39 -> 鄭丞哲 | E14: =總表!D39 -> 富吳通訊處 | F14: =總表!E39 -> 男 | G14: =總表!A39 -> 18 | H14: =總表!B39 -> 35 | I14: =IF(總表!L39="","",總表!L39)
A15: =總表!I52 -> 第1桌 | B15: =IF(總表!J52="","",總表!J52) -> 第1組 | C15: =IF(總表!K52="","",總表!K52) | D15: =總表!C52 -> 徐維鈴 | E15: =總表!D52 -> 富占通訊處 | F15: =總表!E52 -> 女 | G15: =總表!A52 -> 24 | H15: =總表!B52 -> 48 | I15: =IF(總表!L52="","",總表!L52)
A16: =總表!I59 -> 第1桌 | B16: =IF(總表!J59="","",總表!J59) -> 第1組 | C16: =IF(總表!K59="","",總表!K59) | D16: =總表!C59 -> 余妏珊 | E16: =總表!D59 -> 富則通訊處 | F16: =總表!E59 -> 女 | G16: =總表!A59 -> 28 | H16: =總表!B59 -> 55 | I16: =IF(總表!L59="","",總表!L59)
A17: =總表!I62 -> 第1桌 | B17: =IF(總表!J62="","",總表!J62) -> 第1組 | C17: =IF(總表!K62="","",總表!K62) | D17: =總表!C62 -> 李婕詠 | E17: =總表!D62 -> 富則通訊處 | F17: =總表!E62 -> 女 | G17: =總表!A62 -> 29 | H17: =總表!B62 -> 58 | I17: =IF(總表!L62="","",總表!L62)
A18: =總表!I73 -> 第1桌 | B18: =IF(總表!J73="","",總表!J73) -> 第1組 | C18: =IF(總表!K73="","",總表!K73) | D18: =總表!C73 -> 吳皓誠 | E18: =總表!D73 -> 富亨通訊處 | F18: =總表!E73 -> 男 | G18: =總表!A73 -> 35 | H18: =總表!B73 -> 69 | I18: =IF(總表!L73="","",總表!L73)
A19: =總表!I80 -> 第1桌 | B19: =IF(總表!J80="","",總表!J80) -> 第1組 | C19: =IF(總表!K80="","",總表!K80) | D19: =總表!C80 -> 葉金玲 | E19: =總表!D80 -> 富鑽通訊處 | F19: =總表!E80 -> 女 | G19: =總表!A80 -> 38 | H19: =總表!B80 -> 76 | I19: =IF(總表!L80="","",總表!L80)
A20: =總表!I8 -> 第2桌 | B20: =IF(總表!J8="","",總表!J8) -> 第2組 | C20: =IF(總表!K8="","",總表!K8) | D20: =總表!C8 -> 蕭宇晴 | E20: =總表!D8 -> 高天通訊處 | F20: =總表!E8 -> 女 | G20: =總表!A8 -> 2 | H20: =總表!B8 -> 4 | I20: =IF(總表!L8="","",總表!L8)
A21: =總表!I16 -> 第2桌 | B21: =IF(總表!J16="","",總表!J16) -> 第2組 | C21: =IF(總表!K16="","",總表!K16) | D21: =總表!C16 -> 陳其呈 | E21: =總表!D16 -> 高貴通訊處 | F21: =總表!E16 -> 男 | G21: =總表!A16 -> 6 | H21: =總表!B16 -> 12 | I21: =IF(總表!L16="","",總表!L16)
A22: =總表!I21 -> 第2桌 | B22: =IF(總表!J21="","",總表!J21) -> 第2組 | C22: =IF(總表!K21="","",總表!K21) | D22: =總表!C21 -> 賴芯甯 | E22: =總表!D21 -> 富予二通訊處 | F22: =總表!E21 -> 女 | G22: =總表!A21 -> 9 | H22: =總表!B21 -> 17 | I22: =IF(總表!L21="","",總表!L21)
A23: =總表!I24 -> 第2桌 | B23: =IF(總表!J24="","",總表!J24) -> 第2組 | C23: =IF(總表!K24="","",總表!K24) | D23: =總表!C24 -> 王姵慈 | E23: =總表!D24 -> 富吳通訊處 | F23: =總表!E24 -> 女 | G23: =總表!A24 -> 10 | H23: =總表!B24 -> 20 | I23: =IF(總表!L24="","",總表!L24)
A24: =總表!I26 -> 第2桌 | B24: =IF(總表!J26="","",總表!J26) -> 第2組 | C24: =IF(總表!K26="","",總表!K26) | D24: =總表!C26 -> 吳佩姗 | E24: =總表!D26 -> 富吳通訊處 | F24: =總表!E26 -> 女 | G24: =總表!A26 -> 11 | H24: =總表!B26 -> 22 | I24: =IF(總表!L26="","",總表!L26)
A25: =總表!I44 -> 第2桌 | B25: =IF(總表!J44="","",總表!J44) -> 第2組 | C25: =IF(總表!K44="","",總表!K44) | D25: =總表!C44 -> 侯宏詣 | E25: =總表!D44 -> 富則通訊處 | F25: =總表!E44 -> 男 | G25: =總表!A44 -> 20 | H25: =總表!B44 -> 40 | I25: =IF(總表!L44="","",總表!L44)
A26: =總表!I55 -> 第2桌 | B26: =IF(總表!J55="","",總表!J55) -> 第2組 | C26: =IF(總表!K55="","",總表!K55) -> 組長 | D26: =總表!C55 -> 顏明儀 | E26: =總表!D55 -> 富則通訊處 | F26: =總表!E55 -> 女 | G26: =總表!A55 -> 26 | H26: =總表!B55 -> 51 | I26: =IF(總表!L55="","",總表!L55)
A27: =總表!I67 -> 第2桌 | B27: =IF(總表!J67="","",總表!J67) -> 第2組 | C27: =IF(總表!K67="","",總表!K67) | D27: =總表!C67 -> 高智源 | E27: =總表!D67 -> 富則通訊處 | F27: =總表!E67 -> 男 | G27: =總表!A67 -> 32 | H27: =總表!B67 -> 63 | I27: =IF(總表!L67="","",總表!L67)
A28: =總表!I82 -> 第2桌 | B28: =IF(總表!J82="","",總表!J82) -> 第2組 | C28: =IF(總表!K82="","",總表!K82) | D28: =總表!C82 -> 林瑋 | E28: =總表!D82 -> 富北通訊處 | F28: =總表!E82 -> 男 | G28: =總表!A82 -> 39 | H28: =總表!B82 -> 78 | I28: =IF(總表!L82="","",總表!L82)
A29: =總表!I9 -> 第3桌 | B29: =IF(總表!J9="","",總表!J9) -> 第3組 | C29: =IF(總表!K9="","",總表!K9) | D29: =總表!C9 -> 蕭如菁 | E29: =總表!D9 -> 高天通訊處 | F29: =總表!E9 -> 女 | G29: =總表!A9 -> 3 | H29: =總表!B9 -> 5 | I29: =IF(總表!L9="","",總表!L9)
A30: =總表!I20 -> 第3桌 | B30: =IF(總表!J20="","",總表!J20) -> 第3組 | C30: =IF(總表!K20="","",總表!K20) -> 組長 | D30: =總表!C20 -> 宋里安 | E30: =總表!D20 -> 富予二通訊處 | F30: =總表!E20 -> 男 | G30: =總表!A20 -> 8 | H30: =總表!B20 -> 16 | I30: =IF(總表!L20="","",總表!L20)
A31: =總表!I28 -> 第3桌 | B31: =IF(總表!J28="","",總表!J28) -> 第3組 | C31: =IF(總表!K28="","",總表!K28) | D31: =總表!C28 -> 廖冠傑 | E31: =總表!D28 -> 富吳通訊處 | F31: =總表!E28 -> 男 | G31: =總表!A28 -> 12 | H31: =總表!B28 -> 24 | I31: =IF(總表!L28="","",總表!L28)
A32: =總表!I30 -> 第3桌 | B32: =IF(總表!J30="","",總表!J30) -> 第3組 | C32: =IF(總表!K30="","",總表!K30) | D32: =總表!C30 -> 黃金隆 | E32: =總表!D30 -> 富吳通訊處 | F32: =總表!E30 -> 男 | G32: =總表!A30 -> 13 | H32: =總表!B30 -> 26 | I32: =IF(總表!L30="","",總表!L30)
A33: =總表!I34 -> 第3桌 | B33: =IF(總表!J34="","",總表!J34) -> 第3組 | C33: =IF(總表!K34="","",總表!K34) | D33: =總表!C34 -> 陳盈蓁 | E33: =總表!D34 -> 富吳通訊處 | F33: =總表!E34 -> 女 | G33: =總表!A34 -> 15 | H33: =總表!B34 -> 30 | I33: =IF(總表!L34="","",總表!L34)
A34: =總表!I38 -> 第3桌 | B34: =IF(總表!J38="","",總表!J38) -> 第3組 | C34: =IF(總表!K38="","",總表!K38) | D34: =總表!C38 -> 黃彥融 | E34: =總表!D38 -> 富吳通訊處 | F34: =總表!E38 -> 男 | G34: =總表!A38 -> 17 | H34: =總表!B38 -> 34 | I34: =IF(總表!L38="","",總表!L38)
A35: =總表!I48 -> 第3桌 | B35: =IF(總表!J48="","",總表!J48) -> 第3組 | C35: =IF(總表!K48="","",總表!K48) | D35: =總表!C48 -> 林桂安 | E35: =總表!D48 -> 富則通訊處 | F35: =總表!E48 -> 女 | G35: =總表!A48 -> 22 | H35: =總表!B48 -> 44 | I35: =IF(總表!L48="","",總表!L48)
A36: =總表!I68 -> 第3桌 | B36: =IF(總表!J68="","",總表!J68) -> 第3組 | C36: =IF(總表!K68="","",總表!K68) | D36: =總表!C68 -> 王銘宏 | E36: =總表!D68 -> 富則通訊處 | F36: =總表!E68 -> 男 | G36: =總表!A68 -> 32 | H36: =總表!B68 -> 64 | I36: =IF(總表!L68="","",總表!L68)
A37: =總表!I74 -> 第3桌 | B37: =IF(總表!J74="","",總表!J74) -> 第3組 | C37: =IF(總表!K74="","",總表!K74) | D37: =總表!C74 -> 張家瑋 | E37: =總表!D74 -> 富亨通訊處 | F37: =總表!E74 -> 男 | G37: =總表!A74 -> 35 | H37: =總表!B74 -> 70 | I37: =IF(總表!L74="","",總表!L74)
A38: =總表!I22 -> 第4桌 | B38: =IF(總表!J22="","",總表!J22) -> 第4組 | C38: =IF(總表!K22="","",總表!K22) | D38: =總表!C22 -> 高泰琳 | E38: =總表!D22 -> 富予二通訊處 | F38: =總表!E22 -> 女 | G38: =總表!A22 -> 9 | H38: =總表!B22 -> 18 | I38: =IF(總表!L22="","",總表!L22)
A39: =總表!I25 -> 第4桌 | B39: =IF(總表!J25="","",總表!J25) -> 第4組 | C39: =IF(總表!K25="","",總表!K25) | D39: =總表!C25 -> 賴含怡 | E39: =總表!D25 -> 富則通訊處 | F39: =總表!E25 -> 女 | G39: =總表!A25 -> 11 | H39: =總表!B25 -> 21 | I39: =IF(總表!L25="","",總表!L25)
A40: =總表!I61 -> 第4桌 | B40: =IF(總表!J61="","",總表!J61) -> 第4組 | C40: =IF(總表!K61="","",總表!K61) | D40: =總表!C61 -> 吳沛錞 | E40: =總表!D61 -> 富則通訊處 | F40: =總表!E61 -> 女 | G40: =總表!A61 -> 29 | H40: =總表!B61 -> 57 | I40: =IF(總表!L61="","",總表!L61)
A41: =總表!I66 -> 第4桌 | B41: =IF(總表!J66="","",總表!J66) -> 第4組 | C41: =IF(總表!K66="","",總表!K66) | D41: =總表!C66 -> 張國興 | E41: =總表!D66 -> 富則通訊處 | F41: =總表!E66 -> 男 | G41: =總表!A66 -> 31 | H41: =總表!B66 -> 62 | I41: =IF(總表!L66="","",總表!L66)
A42: =總表!I70 -> 第4桌 | B42: =IF(總表!J70="","",總表!J70) -> 第4組 | C42: =IF(總表!K70="","",總表!K70) | D42: =總表!C70 -> 廖宇翔 | E42: =總表!D70 -> 富則六通訊處 | F42: =總表!E70 -> 男 | G42: =總表!A70 -> 33 | H42: =總表!B70 -> 66 | I42: =IF(總表!L70="","",總表!L70)
A43: =總表!I72 -> 第4桌 | B43: =IF(總表!J72="","",總表!J72) -> 第4組 | C43: =IF(總表!K72="","",總表!K72) | D43: =總表!C72 -> 施昕余 | E43: =總表!D72 -> 中銘通訊處 | F43: =總表!E72 -> 女 | G43: =總表!A72 -> 34 | H43: =總表!B72 -> 68 | I43: =IF(總表!L72="","",總表!L72)
A44: =總表!I77 -> 第4桌 | B44: =IF(總表!J77="","",總表!J77) -> 第4組 | C44: =IF(總表!K77="","",總表!K77) | D44: =總表!C77 -> 陳怡萍 | E44: =總表!D77 -> 富亨通訊處 | F44: =總表!E77 -> 女 | G44: =總表!A77 -> 37 | H44: =總表!B77 -> 73 | I44: =IF(總表!L77="","",總表!L77)
A45: =總表!I83 -> 第4桌 | B45: =IF(總表!J83="","",總表!J83) -> 第4組 | C45: =IF(總表!K83="","",總表!K83) | D45: =總表!C83 -> 曾翊雯 | E45: =總表!D83 -> 中沐通訊處 | F45: =總表!E83 -> 女 | G45: =總表!A83 -> 40 | H45: =總表!B83 -> 79 | I45: =IF(總表!L83="","",總表!L83)
A46: =總表!I87 -> 第4桌 | B46: =IF(總表!J87="","",總表!J87) -> 第4組 | C46: =IF(總表!K87="","",總表!K87) -> 組長 | D46: =總表!C87 -> 范毓斌 | E46: =總表!D87 -> 富占通訊處 | F46: =總表!E87 -> 男 | G46: =總表!A87 -> 42 | H46: =總表!B87 -> 83 | I46: =IF(總表!L87="","",總表!L87)
A47: =總表!I17 -> 第5桌 | B47: =IF(總表!J17="","",總表!J17) -> 第5組 | C47: =IF(總表!K17="","",總表!K17) | D47: =總表!C17 -> 陳武均 | E47: =總表!D17 -> 富予二通訊處 | F47: =總表!E17 -> 男 | G47: =總表!A17 -> 7 | H47: =總表!B17 -> 13 | I47: =IF(總表!L17="","",總表!L17)
A48: =總表!I18 -> 第5桌 | B48: =IF(總表!J18="","",總表!J18) -> 第5組 | C48: =IF(總表!K18="","",總表!K18) | D48: =總表!C18 -> 陳尚禾 | E48: =總表!D18 -> 富予二通訊處 | F48: =總表!E18 -> 男 | G48: =總表!A18 -> 7 | H48: =總表!B18 -> 14 | I48: =IF(總表!L18="","",總表!L18)
A49: =總表!I27 -> 第5桌 | B49: =IF(總表!J27="","",總表!J27) -> 第5組 | C49: =IF(總表!K27="","",總表!K27) | D49: =總表!C27 -> 王鄆郅 | E49: =總表!D27 -> 富吳通訊處 | F49: =總表!E27 -> 男 | G49: =總表!A27 -> 12 | H49: =總表!B27 -> 23 | I49: =IF(總表!L27="","",總表!L27)
A50: =總表!I33 -> 第5桌 | B50: =IF(總表!J33="","",總表!J33) -> 第5組 | C50: =IF(總表!K33="","",總表!K33) | D50: =總表!C33 -> 彭莉柔 | E50: =總表!D33 -> 富吳通訊處 | F50: =總表!E33 -> 女 | G50: =總表!A33 -> 15 | H50: =總表!B33 -> 29 | I50: =IF(總表!L33="","",總表!L33)
A51: =總表!I47 -> 第5桌 | B51: =IF(總表!J47="","",總表!J47) -> 第5組 | C51: =IF(總表!K47="","",總表!K47) | D51: =總表!C47 -> 管卓鈞 | E51: =總表!D47 -> 富能通訊處 | F51: =總表!E47 -> 女 | G51: =總表!A47 -> 22 | H51: =總表!B47 -> 43 | I51: =IF(總表!L47="","",總表!L47)
A52: =總表!I58 -> 第5桌 | B52: =IF(總表!J58="","",總表!J58) -> 第5組 | C52: =IF(總表!K58="","",總表!K58) | D52: =總表!C58 -> 林芳誼 | E52: =總表!D58 -> 富則通訊處 | F52: =總表!E58 -> 女 | G52: =總表!A58 -> 27 | H52: =總表!B58 -> 54 | I52: =IF(總表!L58="","",總表!L58)
A53: =總表!I63 -> 第5桌 | B53: =IF(總表!J63="","",總表!J63) -> 第5組 | C53: =IF(總表!K63="","",總表!K63) -> 組長 | D53: =總表!C63 -> 李孟珊 | E53: =總表!D63 -> 富則通訊處 | F53: =總表!E63 -> 女 | G53: =總表!A63 -> 30 | H53: =總表!B63 -> 59 | I53: =IF(總表!L63="","",總表!L63)
A54: =總表!I64 -> 第5桌 | B54: =IF(總表!J64="","",總表!J64) -> 第5組 | C54: =IF(總表!K64="","",總表!K64) | D54: =總表!C64 -> 黃馨葦 | E54: =總表!D64 -> 富則通訊處 | F54: =總表!E64 -> 女 | G54: =總表!A64 -> 30 | H54: =總表!B64 -> 60 | I54: =IF(總表!L64="","",總表!L64)
A55: =總表!I88 -> 第5桌 | B55: =IF(總表!J88="","",總表!J88) -> 第5組 | C55: =IF(總表!K88="","",總表!K88) | D55: =總表!C88 -> 邱仲恩 | E55: =總表!D88 -> 富吳通訊處 | F55: =總表!E88 -> 男 | G55: =總表!A88 -> 43 | H55: =總表!B88 -> 84 | I55: =IF(總表!L88="","",總表!L88)
A56: =總表!I6 -> 第6桌 | B56: =IF(總表!J6="","",總表!J6) -> 第6組 | C56: =IF(總表!K6="","",總表!K6) | D56: =總表!C6 -> 謝政男 | E56: =總表!D6 -> 高天通訊處 | F56: =總表!E6 -> 男 | G56: =總表!A6 -> 1 | H56: =總表!B6 -> 2 | I56: =IF(總表!L6="","",總表!L6)
A57: =總表!I23 -> 第6桌 | B57: =IF(總表!J23="","",總表!J23) -> 第6組 | C57: =IF(總表!K23="","",總表!K23) | D57: =總表!C23 -> 許瓊云 | E57: =總表!D23 -> 富予二通訊處 | F57: =總表!E23 -> 女 | G57: =總表!A23 -> 10 | H57: =總表!B23 -> 19 | I57: =IF(總表!L23="","",總表!L23)
A58: =總表!I36 -> 第6桌 | B58: =IF(總表!J36="","",總表!J36) -> 第6組 | C58: =IF(總表!K36="","",總表!K36) | D58: =總表!C36 -> 林建璋 | E58: =總表!D36 -> 富吳通訊處 | F58: =總表!E36 -> 男 | G58: =總表!A36 -> 16 | H58: =總表!B36 -> 32 | I58: =IF(總表!L36="","",總表!L36)
A59: =總表!I43 -> 第6桌 | B59: =IF(總表!J43="","",總表!J43) -> 第6組 | C59: =IF(總表!K43="","",總表!K43) | D59: =總表!C43 -> 許嘉晉 | E59: =總表!D43 -> 富則通訊處 | F59: =總表!E43 -> 男 | G59: =總表!A43 -> 20 | H59: =總表!B43 -> 39 | I59: =IF(總表!L43="","",總表!L43)
A60: =總表!I53 -> 第6桌 | B60: =IF(總表!J53="","",總表!J53) -> 第6組 | C60: =IF(總表!K53="","",總表!K53) | D60: =總表!C53 -> 鍾怡婷 | E60: =總表!D53 -> 富占通訊處 | F60: =總表!E53 -> 女 | G60: =總表!A53 -> 25 | H60: =總表!B53 -> 49 | I60: =IF(總表!L53="","",總表!L53)
A61: =總表!I57 -> 第6桌 | B61: =IF(總表!J57="","",總表!J57) -> 第6組 | C61: =IF(總表!K57="","",總表!K57) | D61: =總表!C57 -> 吳品萱 | E61: =總表!D57 -> 富則通訊處 | F61: =總表!E57 -> 女 | G61: =總表!A57 -> 27 | H61: =總表!B57 -> 53 | I61: =IF(總表!L57="","",總表!L57)
A62: =總表!I69 -> 第6桌 | B62: =IF(總表!J69="","",總表!J69) -> 第6組 | C62: =IF(總表!K69="","",總表!K69) -> 組長 | D62: =總表!C69 -> 洪敬忠 | E62: =總表!D69 -> 富則六通訊處 | F62: =總表!E69 -> 男 | G62: =總表!A69 -> 33 | H62: =總表!B69 -> 65 | I62: =IF(總表!L69="","",總表!L69)
A63: =總表!I76 -> 第6桌 | B63: =IF(總表!J76="","",總表!J76) -> 第6組 | C63: =IF(總表!K76="","",總表!K76) | D63: =總表!C76 -> 林宏威 | E63: =總表!D76 -> 富亨通訊處 | F63: =總表!E76 -> 男 | G63: =總表!A76 -> 36 | H63: =總表!B76 -> 72 | I63: =IF(總表!L76="","",總表!L76)
A64: =總表!I79 -> 第6桌 | B64: =IF(總表!J79="","",總表!J79) -> 第6組 | C64: =IF(總表!K79="","",總表!K79) | D64: =總表!C79 -> 陳龍生 | E64: =總表!D79 -> 富鑽通訊處 | F64: =總表!E79 -> 男 | G64: =總表!A79 -> 38 | H64: =總表!B79 -> 75 | I64: =IF(總表!L79="","",總表!L79)
A65: =總表!I12 -> 第7桌 | B65: =IF(總表!J12="","",總表!J12) -> 第7組 | C65: =IF(總表!K12="","",總表!K12) | D65: =總表!C12 -> 詹政杰 | E65: =總表!D12 -> 高天通訊處 | F65: =總表!E12 -> 男 | G65: =總表!A12 -> 4 | H65: =總表!B12 -> 8 | I65: =IF(總表!L12="","",總表!L12)
A66: =總表!I14 -> 第7桌 | B66: =IF(總表!J14="","",總表!J14) -> 第7組 | C66: =IF(總表!K14="","",總表!K14) | D66: =總表!C14 -> 陳懷柔 | E66: =總表!D14 -> 高天通訊處 | F66: =總表!E14 -> 女 | G66: =總表!A14 -> 5 | H66: =總表!B14 -> 10 | I66: =IF(總表!L14="","",總表!L14)
A67: =總表!I19 -> 第7桌 | B67: =IF(總表!J19="","",總表!J19) -> 第7組 | C67: =IF(總表!K19="","",總表!K19) -> 組長 | D67: =總表!C19 -> 陳昶聿 | E67: =總表!D19 -> 富予二通訊處 | F67: =總表!E19 -> 男 | G67: =總表!A19 -> 8 | H67: =總表!B19 -> 15 | I67: =IF(總表!L19="","",總表!L19)
A68: =總表!I35 -> 第7桌 | B68: =IF(總表!J35="","",總表!J35) -> 第7組 | C68: =IF(總表!K35="","",總表!K35) | D68: =總表!C35 -> 周易慶 | E68: =總表!D35 -> 富吳通訊處 | F68: =總表!E35 -> 男 | G68: =總表!A35 -> 16 | H68: =總表!B35 -> 31 | I68: =IF(總表!L35="","",總表!L35)
A69: =總表!I40 -> 第7桌 | B69: =IF(總表!J40="","",總表!J40) -> 第7組 | C69: =IF(總表!K40="","",總表!K40) | D69: =總表!C40 -> 謝宇軒 | E69: =總表!D40 -> 富吳通訊處 | F69: =總表!E40 -> 男 | G69: =總表!A40 -> 18 | H69: =總表!B40 -> 36 | I69: =IF(總表!L40="","",總表!L40)
A70: =總表!I41 -> 第7桌 | B70: =IF(總表!J41="","",總表!J41) -> 第7組 | C70: =IF(總表!K41="","",總表!K41) | D70: =總表!C41 -> 戴孜安 | E70: =總表!D41 -> 富吳通訊處 | F70: =總表!E41 -> 女 | G70: =總表!A41 -> 19 | H70: =總表!B41 -> 37 | I70: =IF(總表!L41="","",總表!L41)
A71: =總表!I49 -> 第7桌 | B71: =IF(總表!J49="","",總表!J49) -> 第7組 | C71: =IF(總表!K49="","",總表!K49) | D71: =總表!C49 -> 簡姵萱 | E71: =總表!D49 -> 富能通訊處 | F71: =總表!E49 -> 女 | G71: =總表!A49 -> 23 | H71: =總表!B49 -> 45 | I71: =IF(總表!L49="","",總表!L49)
A72: =總表!I60 -> 第7桌 | B72: =IF(總表!J60="","",總表!J60) -> 第7組 | C72: =IF(總表!K60="","",總表!K60) | D72: =總表!C60 -> 余若馨 | E72: =總表!D60 -> 富則通訊處 | F72: =總表!E60 -> 女 | G72: =總表!A60 -> 28 | H72: =總表!B60 -> 56 | I72: =IF(總表!L60="","",總表!L60)
A73: =總表!I81 -> 第7桌 | B73: =IF(總表!J81="","",總表!J81) -> 第7組 | C73: =IF(總表!K81="","",總表!K81) | D73: =總表!C81 -> 吳士侃 | E73: =總表!D81 -> 富北通訊處 | F73: =總表!E81 -> 男 | G73: =總表!A81 -> 39 | H73: =總表!B81 -> 77 | I73: =IF(總表!L81="","",總表!L81)
A74: =總表!I10 -> 第8桌 | B74: =IF(總表!J10="","",總表!J10) -> 第8組 | C74: =IF(總表!K10="","",總表!K10) | D74: =總表!C10 -> 何宜庭 | E74: =總表!D10 -> 高天通訊處 | F74: =總表!E10 -> 女 | G74: =總表!A10 -> 3 | H74: =總表!B10 -> 6 | I74: =IF(總表!L10="","",總表!L10)
A75: =總表!I31 -> 第8桌 | B75: =IF(總表!J31="","",總表!J31) -> 第8組 | C75: =IF(總表!K31="","",總表!K31) | D75: =總表!C31 -> 呂顏伃 | E75: =總表!D31 -> 富吳通訊處 | F75: =總表!E31 -> 女 | G75: =總表!A31 -> 14 | H75: =總表!B31 -> 27 | I75: =IF(總表!L31="","",總表!L31)
A76: =總表!I32 -> 第8桌 | B76: =IF(總表!J32="","",總表!J32) -> 第8組 | C76: =IF(總表!K32="","",總表!K32) | D76: =總表!C32 -> 陳怡諳 | E76: =總表!D32 -> 富吳通訊處 | F76: =總表!E32 -> 女 | G76: =總表!A32 -> 14 | H76: =總表!B32 -> 28 | I76: =IF(總表!L32="","",總表!L32)
A77: =總表!I37 -> 第8桌 | B77: =IF(總表!J37="","",總表!J37) -> 第8組 | C77: =IF(總表!K37="","",總表!K37) | D77: =總表!C37 -> 李奕寬 | E77: =總表!D37 -> 富吳通訊處 | F77: =總表!E37 -> 男 | G77: =總表!A37 -> 17 | H77: =總表!B37 -> 33 | I77: =IF(總表!L37="","",總表!L37)
A78: =總表!I50 -> 第8桌 | B78: =IF(總表!J50="","",總表!J50) -> 第8組 | C78: =IF(總表!K50="","",總表!K50) | D78: =總表!C50 -> 潘韻竹 | E78: =總表!D50 -> 富則通訊處 | F78: =總表!E50 -> 女 | G78: =總表!A50 -> 23 | H78: =總表!B50 -> 46 | I78: =IF(總表!L50="","",總表!L50)
A79: =總表!I51 -> 第8桌 | B79: =IF(總表!J51="","",總表!J51) -> 第8組 | C79: =IF(總表!K51="","",總表!K51) | D79: =總表!C51 -> 傅佳旻 | E79: =總表!D51 -> 富占通訊處 | F79: =總表!E51 -> 女 | G79: =總表!A51 -> 24 | H79: =總表!B51 -> 47 | I79: =IF(總表!L51="","",總表!L51)
A80: =總表!I56 -> 第8桌 | B80: =IF(總表!J56="","",總表!J56) -> 第8組 | C80: =IF(總表!K56="","",總表!K56) | D80: =總表!C56 -> 王思嵐 | E80: =總表!D56 -> 富則通訊處 | F80: =總表!E56 -> 女 | G80: =總表!A56 -> 26 | H80: =總表!B56 -> 52 | I80: =IF(總表!L56="","",總表!L56)
A81: =總表!I71 -> 第8桌 | B81: =IF(總表!J71="","",總表!J71) -> 第8組 | C81: =IF(總表!K71="","",總表!K71) -> 組長 | D81: =總表!C71 -> 張祐珮 | E81: =總表!D71 -> 富后通訊處 | F81: =總表!E71 -> 女 | G81: =總表!A71 -> 34 | H81: =總表!B71 -> 67 | I81: =IF(總表!L71="","",總表!L71)
A82: =總表!I5 -> 第9桌 | B82: =IF(總表!J5="","",總表!J5) -> 第9組 | C82: =IF(總表!K5="","",總表!K5) -> 組長 | D82: =總表!C5 -> 許智雄 | E82: =總表!D5 -> 高天通訊處 | F82: =總表!E5 -> 男 | G82: =總表!A5 -> 1 | H82: =總表!B5 -> 1 | I82: =IF(總表!L5="","",總表!L5)
A83: =總表!I13 -> 第9桌 | B83: =IF(總表!J13="","",總表!J13) -> 第9組 | C83: =IF(總表!K13="","",總表!K13) | D83: =總表!C13 -> 吳睿綝 | E83: =總表!D13 -> 高天通訊處 | F83: =總表!E13 -> 女 | G83: =總表!A13 -> 5 | H83: =總表!B13 -> 9 | I83: =IF(總表!L13="","",總表!L13)
A84: =總表!I42 -> 第9桌 | B84: =IF(總表!J42="","",總表!J42) -> 第9組 | C84: =IF(總表!K42="","",總表!K42) | D84: =總表!C42 -> 徐瀚 | E84: =總表!D42 -> 富吳通訊處 | F84: =總表!E42 -> 男 | G84: =總表!A42 -> 19 | H84: =總表!B42 -> 38 | I84: =IF(總表!L42="","",總表!L42)
A85: =總表!I46 -> 第9桌 | B85: =IF(總表!J46="","",總表!J46) -> 第9組 | C85: =IF(總表!K46="","",總表!K46) | D85: =總表!C46 -> 王昱文 | E85: =總表!D46 -> 富則通訊處 | F85: =總表!E46 -> 男 | G85: =總表!A46 -> 21 | H85: =總表!B46 -> 42 | I85: =IF(總表!L46="","",總表!L46)
A86: =總表!I54 -> 第9桌 | B86: =IF(總表!J54="","",總表!J54) -> 第9組 | C86: =IF(總表!K54="","",總表!K54) | D86: =總表!C54 -> 林宜潔 | E86: =總表!D54 -> 富占通訊處 | F86: =總表!E54 -> 女 | G86: =總表!A54 -> 25 | H86: =總表!B54 -> 50 | I86: =IF(總表!L54="","",總表!L54)
A87: =總表!I65 -> 第9桌 | B87: =IF(總表!J65="","",總表!J65) -> 第9組 | C87: =IF(總表!K65="","",總表!K65) | D87: =總表!C65 -> 蔡承遠 | E87: =總表!D65 -> 富則通訊處 | F87: =總表!E65 -> 男 | G87: =總表!A65 -> 31 | H87: =總表!B65 -> 61 | I87: =IF(總表!L65="","",總表!L65)
A88: =總表!I75 -> 第9桌 | B88: =IF(總表!J75="","",總表!J75) -> 第9組 | C88: =IF(總表!K75="","",總表!K75) | D88: =總表!C75 -> 馬英傑 | E88: =總表!D75 -> 富亨通訊處 | F88: =總表!E75 -> 男 | G88: =總表!A75 -> 36 | H88: =總表!B75 -> 71 | I88: =IF(總表!L75="","",總表!L75)
A89: =總表!I78 -> 第9桌 | B89: =IF(總表!J78="","",總表!J78) -> 第9組 | C89: =IF(總表!K78="","",總表!K78) | D89: =總表!C78 -> 廖家慧 | E89: =總表!D78 -> 富亨通訊處 | F89: =總表!E78 -> 女 | G89: =總表!A78 -> 37 | H89: =總表!B78 -> 74 | I89: =IF(總表!L78="","",總表!L78)

Sheet 檢核
A1: 資料檢核
A3: 項目 | B3: 數量 | C3: 名單／說明
A4: 總表人數 | B4: 85
A5: 桌次有、分房未找到 | B5: 0
A6: 晚宴有、分房未找到 | B6: 0
A7: 分房有、桌次未找到 | B7: 0
A8: 分房有、晚宴未找到 | B8: 0
A9: 車次座位已列 | B9: 85 | C9: 青島→濟南 G1074
A10: 車次座位未列 | B10: 0
A11: 遊覽車次已列 | B11: 85 | C11: 第1車 42 人；第2車 43 人
A12: 遊覽車次未列 | B12: 0

Sheet 遊覽車次
A1: 遊覽車次名單
A2: 依最新車次整理｜共 85 人；第1車 42 人、第2車 43 人。
A4: 遊覽車次 | B4: 姓名 | C4: 單位 | D4: 性別 | E4: 房號 | F4: 編號 | G4: 用餐桌次 | H4: 晚宴桌次
A5: =總表!O11 -> 第1車 | B5: =總表!C11 -> 戴東志 | C5: =總表!D11 -> 高天通訊處 | D5: =總表!E11 -> 男 | E5: =總表!A11 -> 4 | F5: =總表!B11 -> 7 | G5: =總表!H11 -> 第1桌 | H5: =總表!I11 -> 第1桌
A6: =總表!O7 -> 第1車 | B6: =總表!C7 -> 何宜家 | C6: =總表!D7 -> 高天通訊處 | D6: =總表!E7 -> 女 | E6: =總表!A7 -> 2 | F6: =總表!B7 -> 3 | G6: =總表!H7 -> 第1桌 | H6: =總表!I7 -> 主桌
A7: =總表!O6 -> 第1車 | B7: =總表!C6 -> 謝政男 | C7: =總表!D6 -> 高天通訊處 | D7: =總表!E6 -> 男 | E7: =總表!A6 -> 1 | F7: =總表!B6 -> 2 | G7: =總表!H6 -> 第1桌 | H7: =總表!I6 -> 第6桌
A8: =總表!O5 -> 第1車 | B8: =總表!C5 -> 許智雄 | C8: =總表!D5 -> 高天通訊處 | D8: =總表!E5 -> 男 | E8: =總表!A5 -> 1 | F8: =總表!B5 -> 1 | G8: =總表!H5 -> 第1桌 | H8: =總表!I5 -> 第9桌
A9: =總表!O9 -> 第1車 | B9: =總表!C9 -> 蕭如菁 | C9: =總表!D9 -> 高天通訊處 | D9: =總表!E9 -> 女 | E9: =總表!A9 -> 3 | F9: =總表!B9 -> 5 | G9: =總表!H9 -> 第1桌 | H9: =總表!I9 -> 第3桌
A10: =總表!O12 -> 第1車 | B10: =總表!C12 -> 詹政杰 | C10: =總表!D12 -> 高天通訊處 | D10: =總表!E12 -> 男 | E10: =總表!A12 -> 4 | F10: =總表!B12 -> 8 | G10: =總表!H12 -> 第1桌 | H10: =總表!I12 -> 第7桌
A11: =總表!O10 -> 第1車 | B11: =總表!C10 -> 何宜庭 | C11: =總表!D10 -> 高天通訊處 | D11: =總表!E10 -> 女 | E11: =總表!A10 -> 3 | F11: =總表!B10 -> 6 | G11: =總表!H10 -> 第1桌 | H11: =總表!I10 -> 第8桌
A12: =總表!O8 -> 第1車 | B12: =總表!C8 -> 蕭宇晴 | C12: =總表!D8 -> 高天通訊處 | D12: =總表!E8 -> 女 | E12: =總表!A8 -> 2 | F12: =總表!B8 -> 4 | G12: =總表!H8 -> 第1桌 | H12: =總表!I8 -> 第2桌
A13: =總表!O13 -> 第1車 | B13: =總表!C13 -> 吳睿綝 | C13: =總表!D13 -> 高天通訊處 | D13: =總表!E13 -> 女 | E13: =總表!A13 -> 5 | F13: =總表!B13 -> 9 | G13: =總表!H13 -> 第1桌 | H13: =總表!I13 -> 第9桌
A14: =總表!O14 -> 第1車 | B14: =總表!C14 -> 陳懷柔 | C14: =總表!D14 -> 高天通訊處 | D14: =總表!E14 -> 女 | E14: =總表!A14 -> 5 | F14: =總表!B14 -> 10 | G14: =總表!H14 -> 第1桌 | H14: =總表!I14 -> 第7桌
A15: =總表!O15 -> 第1車 | B15: =總表!C15 -> 黃柏瑞 | C15: =總表!D15 -> 高貴通訊處 | D15: =總表!E15 -> 男 | E15: =總表!A15 -> 6 | F15: =總表!B15 -> 11 | G15: =總表!H15 -> 第2桌 | H15: =總表!I15 -> 第1桌
A16: =總表!O16 -> 第1車 | B16: =總表!C16 -> 陳其呈 | C16: =總表!D16 -> 高貴通訊處 | D16: =總表!E16 -> 男 | E16: =總表!A16 -> 6 | F16: =總表!B16 -> 12 | G16: =總表!H16 -> 第2桌 | H16: =總表!I16 -> 第2桌
A17: =總表!O77 -> 第1車 | B17: =總表!C77 -> 陳怡萍 | C17: =總表!D77 -> 富亨通訊處 | D17: =總表!E77 -> 女 | E17: =總表!A77 -> 37 | F17: =總表!B77 -> 73 | G17: =總表!H77 -> 第2桌 | H17: =總表!I77 -> 第4桌
A18: =總表!O78 -> 第1車 | B18: =總表!C78 -> 廖家慧 | C18: =總表!D78 -> 富亨通訊處 | D18: =總表!E78 -> 女 | E18: =總表!A78 -> 37 | F18: =總表!B78 -> 74 | G18: =總表!H78 -> 第2桌 | H18: =總表!I78 -> 第9桌
A19: =總表!O75 -> 第1車 | B19: =總表!C75 -> 馬英傑 | C19: =總表!D75 -> 富亨通訊處 | D19: =總表!E75 -> 男 | E19: =總表!A75 -> 36 | F19: =總表!B75 -> 71 | G19: =總表!H75 -> 第2桌 | H19: =總表!I75 -> 第9桌
A20: =總表!O74 -> 第1車 | B20: =總表!C74 -> 張家瑋 | C20: =總表!D74 -> 富亨通訊處 | D20: =總表!E74 -> 男 | E20: =總表!A74 -> 35 | F20: =總表!B74 -> 70 | G20: =總表!H74 -> 第2桌 | H20: =總表!I74 -> 第3桌
A21: =總表!O76 -> 第1車 | B21: =總表!C76 -> 林宏威 | C21: =總表!D76 -> 富亨通訊處 | D21: =總表!E76 -> 男 | E21: =總表!A76 -> 36 | F21: =總表!B76 -> 72 | G21: =總表!H76 -> 第2桌 | H21: =總表!I76 -> 第6桌
A22: =總表!O71 -> 第1車 | B22: =總表!C71 -> 張祐珮 | C22: =總表!D71 -> 富后通訊處 | D22: =總表!E71 -> 女 | E22: =總表!A71 -> 34 | F22: =總表!B71 -> 67 | G22: =總表!H71 -> 第2桌 | H22: =總表!I71 -> 第8桌
A23: =總表!O73 -> 第1車 | B23: =總表!C73 -> 吳皓誠 | C23: =總表!D73 -> 富亨通訊處 | D23: =總表!E73 -> 男 | E23: =總表!A73 -> 35 | F23: =總表!B73 -> 69 | G23: =總表!H73 -> 第2桌 | H23: =總表!I73 -> 第1桌
A24: =總表!O72 -> 第1車 | B24: =總表!C72 -> 施昕余 | C24: =總表!D72 -> 中銘通訊處 | D24: =總表!E72 -> 女 | E24: =總表!A72 -> 34 | F24: =總表!B72 -> 68 | G24: =總表!H72 -> 第2桌 | H24: =總表!I72 -> 第4桌
A25: =總表!O51 -> 第1車 | B25: =總表!C51 -> 傅佳旻 | C25: =總表!D51 -> 富占通訊處 | D25: =總表!E51 -> 女 | E25: =總表!A51 -> 24 | F25: =總表!B51 -> 47 | G25: =總表!H51 -> 第3桌 | H25: =總表!I51 -> 第8桌
A26: =總表!O52 -> 第1車 | B26: =總表!C52 -> 徐維鈴 | C26: =總表!D52 -> 富占通訊處 | D26: =總表!E52 -> 女 | E26: =總表!A52 -> 24 | F26: =總表!B52 -> 48 | G26: =總表!H52 -> 第3桌 | H26: =總表!I52 -> 第1桌
A27: =總表!O87 -> 第1車 | B27: =總表!C87 -> 范毓斌 | C27: =總表!D87 -> 富占通訊處 | D27: =總表!E87 -> 男 | E27: =總表!A87 -> 42 | F27: =總表!B87 -> 83 | G27: =總表!H87 -> 第3桌 | H27: =總表!I87 -> 第4桌
A28: =總表!O85 -> 第1車 | B28: =總表!C85 -> 鄭占禮 | C28: =總表!D85 -> 富占通訊處 | D28: =總表!E85 -> 男 | E28: =總表!A85 -> 41 | F28: =總表!B85 -> 81 | G28: =總表!H85 -> 第3桌 | H28: =總表!I85 -> 主桌
A29: =總表!O53 -> 第1車 | B29: =總表!C53 -> 鍾怡婷 | C29: =總表!D53 -> 富占通訊處 | D29: =總表!E53 -> 女 | E29: =總表!A53 -> 25 | F29: =總表!B53 -> 49 | G29: =總表!H53 -> 第3桌 | H29: =總表!I53 -> 第6桌
A30: =總表!O54 -> 第1車 | B30: =總表!C54 -> 林宜潔 | C30: =總表!D54 -> 富占通訊處 | D30: =總表!E54 -> 女 | E30: =總表!A54 -> 25 | F30: =總表!B54 -> 50 | G30: =總表!H54 -> 第3桌 | H30: =總表!I54 -> 第9桌
A31: =總表!O66 -> 第1車 | B31: =總表!C66 -> 張國興 | C31: =總表!D66 -> 富則通訊處 | D31: =總表!E66 -> 男 | E31: =總表!A66 -> 31 | F31: =總表!B66 -> 62 | G31: =總表!H66 -> 第3桌 | H31: =總表!I66 -> 第4桌
A32: =總表!O86 -> 第1車 | B32: =總表!C86 -> 孫振文 | C32: =總表!D86 -> 富北通訊處 | D32: =總表!E86 -> 男 | E32: =總表!A86 -> 41 | F32: =總表!B86 -> 82 | G32: =總表!H86 -> 第3桌 | H32: =總表!I86 -> 主桌
A33: =總表!O45 -> 第1車 | B33: =總表!C45 -> 簡宏鈞 | C33: =總表!D45 -> 富能通訊處 | D33: =總表!E45 -> 男 | E33: =總表!A45 -> 21 | F33: =總表!B45 -> 41 | G33: =總表!H45 -> 第3桌 | H33: =總表!I45 -> 主桌
A34: =總表!O65 -> 第1車 | B34: =總表!C65 -> 蔡承遠 | C34: =總表!D65 -> 富則通訊處 | D34: =總表!E65 -> 男 | E34: =總表!A65 -> 31 | F34: =總表!B65 -> 61 | G34: =總表!H65 -> 第3桌 | H34: =總表!I65 -> 第9桌
A35: =總表!O80 -> 第1車 | B35: =總表!C80 -> 葉金玲 | C35: =總表!D80 -> 富鑽通訊處 | D35: =總表!E80 -> 女 | E35: =總表!A80 -> 38 | F35: =總表!B80 -> 76 | G35: =總表!H80 -> 第4桌 | H35: =總表!I80 -> 第1桌
A36: =總表!O79 -> 第1車 | B36: =總表!C79 -> 陳龍生 | C36: =總表!D79 -> 富鑽通訊處 | D36: =總表!E79 -> 男 | E36: =總表!A79 -> 38 | F36: =總表!B79 -> 75 | G36: =總表!H79 -> 第4桌 | H36: =總表!I79 -> 第6桌
A37: =總表!O82 -> 第1車 | B37: =總表!C82 -> 林瑋 | C37: =總表!D82 -> 富北通訊處 | D37: =總表!E82 -> 男 | E37: =總表!A82 -> 39 | F37: =總表!B82 -> 78 | G37: =總表!H82 -> 第4桌 | H37: =總表!I82 -> 第2桌
A38: =總表!O81 -> 第1車 | B38: =總表!C81 -> 吳士侃 | C38: =總表!D81 -> 富北通訊處 | D38: =總表!E81 -> 男 | E38: =總表!A81 -> 39 | F38: =總表!B81 -> 77 | G38: =總表!H81 -> 第4桌 | H38: =總表!I81 -> 第7桌
A39: =總表!O47 -> 第1車 | B39: =總表!C47 -> 管卓鈞 | C39: =總表!D47 -> 富能通訊處 | D39: =總表!E47 -> 女 | E39: =總表!A47 -> 22 | F39: =總表!B47 -> 43 | G39: =總表!H47 -> 第4桌 | H39: =總表!I47 -> 第5桌
A40: =總表!O49 -> 第1車 | B40: =總表!C49 -> 簡姵萱 | C40: =總表!D49 -> 富能通訊處 | D40: =總表!E49 -> 女 | E40: =總表!A49 -> 23 | F40: =總表!B49 -> 45 | G40: =總表!H49 -> 第4桌 | H40: =總表!I49 -> 第7桌
A41: =總表!O50 -> 第1車 | B41: =總表!C50 -> 潘韻竹 | C41: =總表!D50 -> 富則通訊處 | D41: =總表!E50 -> 女 | E41: =總表!A50 -> 23 | F41: =總表!B50 -> 46 | G41: =總表!H50 -> 第4桌 | H41: =總表!I50 -> 第8桌
A42: =總表!O55 -> 第1車 | B42: =總表!C55 -> 顏明儀 | C42: =總表!D55 -> 富則通訊處 | D42: =總表!E55 -> 女 | E42: =總表!A55 -> 26 | F42: =總表!B55 -> 51 | G42: =總表!H55 -> 第4桌 | H42: =總表!I55 -> 第2桌
A43: =總表!O56 -> 第1車 | B43: =總表!C56 -> 王思嵐 | C43: =總表!D56 -> 富則通訊處 | D43: =總表!E56 -> 女 | E43: =總表!A56 -> 26 | F43: =總表!B56 -> 52 | G43: =總表!H56 -> 第4桌 | H43: =總表!I56 -> 第8桌
A44: =總表!O68 -> 第1車 | B44: =總表!C68 -> 王銘宏 | C44: =總表!D68 -> 富則通訊處 | D44: =總表!E68 -> 男 | E44: =總表!A68 -> 32 | F44: =總表!B68 -> 64 | G44: =總表!H68 -> 第5桌 | H44: =總表!I68 -> 第3桌
A45: =總表!O84 -> 第1車 | B45: =總表!C84 -> 王原軍 | C45: =總表!D84 -> 中沐通訊處 | D45: =總表!E84 -> 男 | E45: =總表!A84 -> 40 | F45: =總表!B84 -> 80 | G45: =總表!H84 -> 第6桌 | H45: =總表!I84 -> 主桌
A46: =總表!O83 -> 第1車 | B46: =總表!C83 -> 曾翊雯 | C46: =總表!D83 -> 中沐通訊處 | D46: =總表!E83 -> 女 | E46: =總表!A83 -> 40 | F46: =總表!B83 -> 79 | G46: =總表!H83 -> 第6桌 | H46: =總表!I83 -> 第4桌
A47: =總表!O39 -> 第2車 | B47: =總表!C39 -> 鄭丞哲 | C47: =總表!D39 -> 富吳通訊處 | D47: =總表!E39 -> 男 | E47: =總表!A39 -> 18 | F47: =總表!B39 -> 35 | G47: =總表!H39 -> 第5桌 | H47: =總表!I39 -> 第1桌
A48: =總表!O63 -> 第2車 | B48: =總表!C63 -> 李孟珊 | C48: =總表!D63 -> 富則通訊處 | D48: =總表!E63 -> 女 | E48: =總表!A63 -> 30 | F48: =總表!B63 -> 59 | G48: =總表!H63 -> 第5桌 | H48: =總表!I63 -> 第5桌
A49: =總表!O67 -> 第2車 | B49: =總表!C67 -> 高智源 | C49: =總表!D67 -> 富則通訊處 | D49: =總表!E67 -> 男 | E49: =總表!A67 -> 32 | F49: =總表!B67 -> 63 | G49: =總表!H67 -> 第5桌 | H49: =總表!I67 -> 第2桌
A50: =總表!O25 -> 第2車 | B50: =總表!C25 -> 賴含怡 | C50: =總表!D25 -> 富則通訊處 | D50: =總表!E25 -> 女 | E50: =總表!A25 -> 11 | F50: =總表!B25 -> 21 | G50: =總表!H25 -> 第5桌 | H50: =總表!I25 -> 第4桌
A51: =總表!O57 -> 第2車 | B51: =總表!C57 -> 吳品萱 | C51: =總表!D57 -> 富則通訊處 | D51: =總表!E57 -> 女 | E51: =總表!A57 -> 27 | F51: =總表!B57 -> 53 | G51: =總表!H57 -> 第5桌 | H51: =總表!I57 -> 第6桌
A52: =總表!O89 -> 第2車 | B52: =總表!C89 -> 吳修毅 | C52: =總表!D89 -> 富吳通訊處 | D52: =總表!E89 -> 男 | E52: =總表!A89 -> 44 | F52: =總表!B89 -> 85 | G52: =總表!H89 -> 第5桌 | H52: =總表!I89 -> 主桌
A53: =總表!O40 -> 第2車 | B53: =總表!C40 -> 謝宇軒 | C53: =總表!D40 -> 富吳通訊處 | D53: =總表!E40 -> 男 | E53: =總表!A40 -> 18 | F53: =總表!B40 -> 36 | G53: =總表!H40 -> 第5桌 | H53: =總表!I40 -> 第7桌
A54: =總表!O60 -> 第2車 | B54: =總表!C60 -> 余若馨 | C54: =總表!D60 -> 富則通訊處 | D54: =總表!E60 -> 女 | E54: =總表!A60 -> 28 | F54: =總表!B60 -> 56 | G54: =總表!H60 -> 第5桌 | H54: =總表!I60 -> 第7桌
A55: =總表!O59 -> 第2車 | B55: =總表!C59 -> 余妏珊 | C55: =總表!D59 -> 富則通訊處 | D55: =總表!E59 -> 女 | E55: =總表!A59 -> 28 | F55: =總表!B59 -> 55 | G55: =總表!H59 -> 第5桌 | H55: =總表!I59 -> 第1桌
A56: =總表!O17 -> 第2車 | B56: =總表!C17 -> 陳武均 | C56: =總表!D17 -> 富予二通訊處 | D56: =總表!E17 -> 男 | E56: =總表!A17 -> 7 | F56: =總表!B17 -> 13 | G56: =總表!H17 -> 第6桌 | H56: =總表!I17 -> 第5桌
A57: =總表!O18 -> 第2車 | B57: =總表!C18 -> 陳尚禾 | C57: =總表!D18 -> 富予二通訊處 | D57: =總表!E18 -> 男 | E57: =總表!A18 -> 7 | F57: =總表!B18 -> 14 | G57: =總表!H18 -> 第6桌 | H57: =總表!I18 -> 第5桌
A58: =總表!O21 -> 第2車 | B58: =總表!C21 -> 賴芯甯 | C58: =總表!D21 -> 富予二通訊處 | D58: =總表!E21 -> 女 | E58: =總表!A21 -> 9 | F58: =總表!B21 -> 17 | G58: =總表!H21 -> 第6桌 | H58: =總表!I21 -> 第2桌
A59: =總表!O19 -> 第2車 | B59: =總表!C19 -> 陳昶聿 | C59: =總表!D19 -> 富予二通訊處 | D59: =總表!E19 -> 男 | E59: =總表!A19 -> 8 | F59: =總表!B19 -> 15 | G59: =總表!H19 -> 第6桌 | H59: =總表!I19 -> 第7桌
A60: =總表!O23 -> 第2車 | B60: =總表!C23 -> 許瓊云 | C60: =總表!D23 -> 富予二通訊處 | D60: =總表!E23 -> 女 | E60: =總表!A23 -> 10 | F60: =總表!B23 -> 19 | G60: =總表!H23 -> 第6桌 | H60: =總表!I23 -> 第6桌
A61: =總表!O20 -> 第2車 | B61: =總表!C20 -> 宋里安 | C61: =總表!D20 -> 富予二通訊處 | D61: =總表!E20 -> 男 | E61: =總表!A20 -> 8 | F61: =總表!B20 -> 16 | G61: =總表!H20 -> 第6桌 | H61: =總表!I20 -> 第3桌
A62: =總表!O22 -> 第2車 | B62: =總表!C22 -> 高泰琳 | C62: =總表!D22 -> 富予二通訊處 | D62: =總表!E22 -> 女 | E62: =總表!A22 -> 9 | F62: =總表!B22 -> 18 | G62: =總表!H22 -> 第6桌 | H62: =總表!I22 -> 第4桌
A63: =總表!O69 -> 第2車 | B63: =總表!C69 -> 洪敬忠 | C63: =總表!D69 -> 富則六通訊處 | D63: =總表!E69 -> 男 | E63: =總表!A69 -> 33 | F63: =總表!B69 -> 65 | G63: =總表!H69 -> 第7桌 | H63: =總表!I69 -> 第6桌
A64: =總表!O64 -> 第2車 | B64: =總表!C64 -> 黃馨葦 | C64: =總表!D64 -> 富則通訊處 | D64: =總表!E64 -> 女 | E64: =總表!A64 -> 30 | F64: =總表!B64 -> 60 | G64: =總表!H64 -> 第7桌 | H64: =總表!I64 -> 第5桌
A65: =總表!O48 -> 第2車 | B65: =總表!C48 -> 林桂安 | C65: =總表!D48 -> 富則通訊處 | D65: =總表!E48 -> 女 | E65: =總表!A48 -> 22 | F65: =總表!B48 -> 44 | G65: =總表!H48 -> 第7桌 | H65: =總表!I48 -> 第3桌
A66: =總表!O70 -> 第2車 | B66: =總表!C70 -> 廖宇翔 | C66: =總表!D70 -> 富則六通訊處 | D66: =總表!E70 -> 男 | E66: =總表!A70 -> 33 | F66: =總表!B70 -> 66 | G66: =總表!H70 -> 第7桌 | H66: =總表!I70 -> 第4桌
A67: =總表!O46 -> 第2車 | B67: =總表!C46 -> 王昱文 | C67: =總表!D46 -> 富則通訊處 | D67: =總表!E46 -> 男 | E67: =總表!A46 -> 21 | F67: =總表!B46 -> 42 | G67: =總表!H46 -> 第7桌 | H67: =總表!I46 -> 第9桌
A68: =總表!O62 -> 第2車 | B68: =總表!C62 -> 李婕詠 | C68: =總表!D62 -> 富則通訊處 | D68: =總表!E62 -> 女 | E68: =總表!A62 -> 29 | F68: =總表!B62 -> 58 | G68: =總表!H62 -> 第7桌 | H68: =總表!I62 -> 第1桌
A69: =總表!O58 -> 第2車 | B69: =總表!C58 -> 林芳誼 | C69: =總表!D58 -> 富則通訊處 | D69: =總表!E58 -> 女 | E69: =總表!A58 -> 27 | F69: =總表!B58 -> 54 | G69: =總表!H58 -> 第7桌 | H69: =總表!I58 -> 第5桌
A70: =總表!O61 -> 第2車 | B70: =總表!C61 -> 吳沛錞 | C70: =總表!D61 -> 富則通訊處 | D70: =總表!E61 -> 女 | E70: =總表!A61 -> 29 | F70: =總表!B61 -> 57 | G70: =總表!H61 -> 第7桌 | H70: =總表!I61 -> 第4桌
A71: =總表!O29 -> 第2車 | B71: =總表!C29 -> 王騌捷 | C71: =總表!D29 -> 富吳通訊處 | D71: =總表!E29 -> 男 | E71: =總表!A29 -> 13 | F71: =總表!B29 -> 25 | G71: =總表!H29 -> 第8桌 | H71: =總表!I29 -> 第1桌
A72: =總表!O24 -> 第2車 | B72: =總表!C24 -> 王姵慈 | C72: =總表!D24 -> 富吳通訊處 | D72: =總表!E24 -> 女 | E72: =總表!A24 -> 10 | F72: =總表!B24 -> 20 | G72: =總表!H24 -> 第8桌 | H72: =總表!I24 -> 第2桌
A73: =總表!O44 -> 第2車 | B73: =總表!C44 -> 侯宏詣 | C73: =總表!D44 -> 富則通訊處 | D73: =總表!E44 -> 男 | E73: =總表!A44 -> 20 | F73: =總表!B44 -> 40 | G73: =總表!H44 -> 第8桌 | H73: =總表!I44 -> 第2桌
A74: =總表!O42 -> 第2車 | B74: =總表!C42 -> 徐瀚 | C74: =總表!D42 -> 富吳通訊處 | D74: =總表!E42 -> 男 | E74: =總表!A42 -> 19 | F74: =總表!B42 -> 38 | G74: =總表!H42 -> 第8桌 | H74: =總表!I42 -> 第9桌
A75: =總表!O38 -> 第2車 | B75: =總表!C38 -> 黃彥融 | C75: =總表!D38 -> 富吳通訊處 | D75: =總表!E38 -> 男 | E75: =總表!A38 -> 17 | F75: =總表!B38 -> 34 | G75: =總表!H38 -> 第8桌 | H75: =總表!I38 -> 第3桌
A76: =總表!O41 -> 第2車 | B76: =總表!C41 -> 戴孜安 | C76: =總表!D41 -> 富吳通訊處 | D76: =總表!E41 -> 女 | E76: =總表!A41 -> 19 | F76: =總表!B41 -> 37 | G76: =總表!H41 -> 第8桌 | H76: =總表!I41 -> 第7桌
A77: =總表!O37 -> 第2車 | B77: =總表!C37 -> 李奕寬 | C77: =總表!D37 -> 富吳通訊處 | D77: =總表!E37 -> 男 | E77: =總表!A37 -> 17 | F77: =總表!B37 -> 33 | G77: =總表!H37 -> 第8桌 | H77: =總表!I37 -> 第8桌
A78: =總表!O43 -> 第2車 | B78: =總表!C43 -> 許嘉晉 | C78: =總表!D43 -> 富則通訊處 | D78: =總表!E43 -> 男 | E78: =總表!A43 -> 20 | F78: =總表!B43 -> 39 | G78: =總表!H43 -> 第8桌 | H78: =總表!I43 -> 第6桌
A79: =總表!O36 -> 第2車 | B79: =總表!C36 -> 林建璋 | C79: =總表!D36 -> 富吳通訊處 | D79: =總表!E36 -> 男 | E79: =總表!A36 -> 16 | F79: =總表!B36 -> 32 | G79: =總表!H36 -> 第8桌 | H79: =總表!I36 -> 第6桌
A80: =總表!O88 -> 第2車 | B80: =總表!C88 -> 邱仲恩 | C80: =總表!D88 -> 富吳通訊處 | D80: =總表!E88 -> 男 | E80: =總表!A88 -> 43 | F80: =總表!B88 -> 84 | G80: =總表!H88 -> 第8桌 | H80: =總表!I88 -> 第5桌
A81: =總表!O27 -> 第2車 | B81: =總表!C27 -> 王鄆郅 | C81: =總表!D27 -> 富吳通訊處 | D81: =總表!E27 -> 男 | E81: =總表!A27 -> 12 | F81: =總表!B27 -> 23 | G81: =總表!H27 -> 第9桌 | H81: =總表!I27 -> 第5桌
A82: =總表!O26 -> 第2車 | B82: =總表!C26 -> 吳佩姗 | C82: =總表!D26 -> 富吳通訊處 | D82: =總表!E26 -> 女 | E82: =總表!A26 -> 11 | F82: =總表!B26 -> 22 | G82: =總表!H26 -> 第9桌 | H82: =總表!I26 -> 第2桌
A83: =總表!O32 -> 第2車 | B83: =總表!C32 -> 陳怡諳 | C83: =總表!D32 -> 富吳通訊處 | D83: =總表!E32 -> 女 | E83: =總表!A32 -> 14 | F83: =總表!B32 -> 28 | G83: =總表!H32 -> 第9桌 | H83: =總表!I32 -> 第8桌
A84: =總表!O33 -> 第2車 | B84: =總表!C33 -> 彭莉柔 | C84: =總表!D33 -> 富吳通訊處 | D84: =總表!E33 -> 女 | E84: =總表!A33 -> 15 | F84: =總表!B33 -> 29 | G84: =總表!H33 -> 第9桌 | H84: =總表!I33 -> 第5桌
A85: =總表!O28 -> 第2車 | B85: =總表!C28 -> 廖冠傑 | C85: =總表!D28 -> 富吳通訊處 | D85: =總表!E28 -> 男 | E85: =總表!A28 -> 12 | F85: =總表!B28 -> 24 | G85: =總表!H28 -> 第9桌 | H85: =總表!I28 -> 第3桌
A86: =總表!O35 -> 第2車 | B86: =總表!C35 -> 周易慶 | C86: =總表!D35 -> 富吳通訊處 | D86: =總表!E35 -> 男 | E86: =總表!A35 -> 16 | F86: =總表!B35 -> 31 | G86: =總表!H35 -> 第9桌 | H86: =總表!I35 -> 第7桌
A87: =總表!O31 -> 第2車 | B87: =總表!C31 -> 呂顏伃 | C87: =總表!D31 -> 富吳通訊處 | D87: =總表!E31 -> 女 | E87: =總表!A31 -> 14 | F87: =總表!B31 -> 27 | G87: =總表!H31 -> 第9桌 | H87: =總表!I31 -> 第8桌
A88: =總表!O34 -> 第2車 | B88: =總表!C34 -> 陳盈蓁 | C88: =總表!D34 -> 富吳通訊處 | D88: =總表!E34 -> 女 | E88: =總表!A34 -> 15 | F88: =總表!B34 -> 30 | G88: =總表!H34 -> 第9桌 | H88: =總表!I34 -> 第3桌
A89: =總表!O30 -> 第2車 | B89: =總表!C30 -> 黃金隆 | C89: =總表!D30 -> 富吳通訊處 | D89: =總表!E30 -> 男 | E89: =總表!A30 -> 13 | F89: =總表!B30 -> 26 | G89: =總表!H30 -> 第9桌 | H89: =總表!I30 -> 第3桌
